:020000040800F2
:1000000000000320AD010008551201080D3201085F
:100010005512010855120108551201080000000090
:100020000000000000000000000000005512010860
:100030005512010800000000551201085512010870
:1000400055120108551201085512010855120108F0
:1000500055120108551201085512010855120108E0
:1000600055120108551201085512010855120108D0
:1000700055120108551201085512010855120108C0
:1000800055120108551201085512010855120108B0
:1000900055120108551201085512010855120108A0
:1000A0005512010855120108551201085512010890
:1000B0005512010855120108551201085512010880
:1000C0005512010855120108551201085512010870
:1000D0005512010855120108551201085512010860
:1000E0005512010855120108551201085512010850
:1000F0005512010855120108551201085512010840
:10010000551201085512010855120108551201082F
:10011000551201085512010855120108551201081F
:10012000551201085512010855120108551201080F
:1001300055120108551201085512010855120108FF
:1001400055120108551201085512010855120108EF
:1001500055120108551201085512010855120108DF
:1001600055120108551201085512010855120108CF
:1001700055120108551201085512010855120108BF
:1001800055120108551201085512010855120108AF
:10019000551201085512010855120108551201089F
:0C01A00055120108551201085512010803
:1001AC0011F055F80E480F490022814201D004C0CD
:1001BC00FBE70D480D490E4A814202D008CA08C01F
:1001CC00FAE70C484FF47001026842EA010202603F
:1001DC00BFF34F8FBFF36F8F07F0E9F900DE00001C
:1001EC00000000200400002000000020000000207F
:1001FC00384D010888ED00E0EAB180B56F4601EB9F
:10020C00020C44F60002C4F2000203E00131536018
:10021C0061450ED00B7810680006F7D41068000604
:10022C005CBF10685FEA0060F0D410680006F2D57D
:10023C00ECE7BDE880400020704780B56F460B4668
:10024C00D0E900121846BDE8804010F0FBBA80B52A
:10025C006F4681B0002080290090684602D200F1E0
:10026C00010C37E0B1F5006F0BD202220B4662F3A2
:10027C009F13C02200F1020C8DF8013042EA91115B
:10028C0028E0B1F5803F10D202220B4662F39F1397
:10029C008DF802308B0900F1030C62F39F13E022FE
:1002AC008DF8013042EA113114E002220B4662F360
:1002BC009F138DF803308B0900F1040C62F39F132C
:1002CC008DF802300B0B62F39F13F0228DF8013086
:1002DC0042EA914144F600028DF800106946C4F2DE
:1002EC00000203E00131536061450ED00B781068B9
:1002FC000006F7D4106800065CBF10685FEA006067
:10030C00F0D410680006F2D5ECE7002001B080BDF7
:10031C00F0B503AF4DF8048D82B0804600208029E3
:10032C00019003D201248DF8041033E0B1F5006F75
:10033C0009D20224084664F39F108DF80500C020F2
:10034C0040EA911024E002200A4660F39F12B1F5B6
:10035C00803F0DD28DF806208A0960F39F12E020B1
:10036C0040EA11308DF805208DF80400032411E0CB
:10037C008DF807208A0960F39F128DF806200A0B6E
:10038C00042460F39F12F02040EA91408DF8052080
:10039C008DF80400D8E90156B54215D309D0D8F828
:1003AC00000001A9AA1B3044944238BF224611F028
:1003BC00F5FD3019A84238BF0546C8F80850002092
:1003CC0002B05DF8048BF0BD3046294610F05BFCA2
:1003DC0080B56F460A4643F26021C0F60101BDE8C4
:1003EC00804010F01ABB80B56F460A4643F2482194
:1003FC00C0F60101BDE8804010F00FBB80B56F4620
:10040C00C00708BF80BDBDE8804011F08BBCF0B5C3
:10041C0003AF2DE9000F83B0BC689A469046D4E92F
:10042C0002B52B465A4600F0F8F9A8F120000BF162
:10043C0007016843C9080191484361688142C0F0D3
:10044C00DF80002D18BFBBF1000F0BD140F6184018
:10045C004FF48041C4F202000160584603B0BDE87D
:10046C00000FF0BD22682426091A002302EB0009B4
:10047C0043F20802C4F20006C4F201024FF007086E
:10048C00009504E0029B009D0133AB42DED0019845
:10049C000025029303FB00FE02E001355D45F1D01F
:1004AC000EEBD500884280F0AD8019F8000028EAE8
:1004BC000503D6F800C0D84000F00100404200EA25
:1004CC000A003368A3EB0C03592B0ED83368A3EB4B
:1004DC000C03592B9EBF3368A3EB0C03592B04D888
:1004EC003368A3EB0C035A2BEBD313689B0709D48B
:1004FC0013689B075CBF13685FEA837302D41368AD
:10050C009B07F2D583B21B0A53601368DB0709D132
:10051C001368DB0704BF13685FEAC37302D1136867
:10052C00DB07F2D013681B0609D513681B0644BF02
:10053C0013685FEA036302D513681B06F2D4536891
:10054C0033683468E41A592C0BD83468E41A592CE3
:10055C009EBF3468E41A592C03D83468E41A5A2C18
:10056C00EFD333683468E41A592C0BD83468E41A86
:10057C00592C9EBF3468E41A592C03D83468E41AF9
:10058C005A2CEFD313689B0709D413689B075CBFE5
:10059C0013685FEA837302D413689B07F2D5C0B269
:1005AC0050601068C00709D11068C00704BF1068FC
:1005BC005FEAC07002D11068C007F2D01068000664
:1005CC0009D51068000644BF10685FEA006002D5C8
:1005DC0010680006F2D45068306833681B1A592B27
:1005EC003FF65BAF33681B1A592B9EBF33681B1A3F
:1005FC00592B3FF652AF33681B1A5A2BEDD34CE7ED
:10060C0010F041FB0FF0F1FDF0B503AF2DE9000F39
:10061C0083B0BC68202A03D27F22267C46B913E023
:10062C00B2F5657F0CD0B52A08BF8022267C5EB15E
:10063C00BC6003B0BDE8000FBDE8F040FFF7E7BEBB
:10064C00AE22267C002EF3D1D4E9029615469A46AA
:10065C0033464A4600F0E1F8002E019618BFB9F176
:10066C00000F0CD140F618404FF48041C4F2020048
:10067C00016009F1010003B0BDE8000FF0BDA5F168
:10068C002000D4E90081242643F2080409FB00FB76
:10069C000022C4F20006C4F2010403E0DDE9010209
:1006AC008242DFD002F0070001230132029203FAEA
:1006BC0000FC002301E04B45F0D003EB0B0088421B
:1006CC0080F0A98018F800000133D6F800E000EAA9
:1006DC000C003568A5EB0E05592D0ED83568A5EB29
:1006EC000E05592D9EBF3568A5EB0E05592D04D866
:1006FC003568A5EB0E055A2DEBD32568AD0709D44B
:10070C002568AD075CBF25685FEA857502D425684E
:10071C00AD07F2D5002818BF504685B22D0A65608A
:10072C002568ED0709D12568ED0704BF25685FEA48
:10073C00C57502D12568ED07F2D025682D0609D5BF
:10074C0025682D0644BF25685FEA056502D5256836
:10075C002D06F2D4656835683268521B592A0BD8BD
:10076C003268521B592A9EBF3268521B592A03D831
:10077C003268521B5A2AEFD335683268521B592AF9
:10078C000BD83268521B592A9EBF3268521B592A09
:10079C0003D83268521B5A2AEFD32268920709D425
:1007AC00226892075CBF22685FEA827202D42268D8
:1007BC009207F2D5C0B260602068C00709D12068EA
:1007CC00C00704BF20685FEAC07002D12068C00770
:1007DC00F2D02068000609D52068000644BF2068C6
:1007EC005FEA006002D520680006F2D460683068C9
:1007FC003268121A592A3FF65EAF3268121A592A19
:10080C009EBF3268121A592A3FF655AF3268121A37
:10081C005A2AEDD34FE70FF0E8FCF0B503AF4DF8D3
:10082C00048D40F6184C4FF00056C4F2020C40F206
:10083C00240ECCF800684FF08046CCF80060C4F26F
:10084C00000EDEF80060A1F10108441EDEF8005035
:10085C00AD1B592D0ED8DEF80050AD1B592D9EBF87
:10086C00DEF80050AD1B592D04D8DEF80050AD1B3E
:10087C005A2DEBD3144443F20802C4F2010215685A
:10088C00AD0709D41568AD075CBF15685FEA8575BF
:10089C0002D41568AD07F2D52A2555601568ED0709
:1008AC0009D11568ED0704BF15685FEAC57502D15B
:1008BC001568ED07F2D015682D0609D515682D06BB
:1008CC0044BF15685FEA056502D515682D06F2D49C
:1008DC005568DEF80060DEF80050AD1B592D0ED8BF
:1008EC00DEF80050AD1B592D9EBFDEF80050AD1B3D
:1008FC00592D04D8DEF80050AD1B5A2DEBD34FF414
:10090C008045CCF800504FF40055CCF800584FF00F
:10091C008045CCF80050DEF80060DEF80050AD1BCE
:10092C00592D0ED8DEF80050AD1B592D9EBFDEF8A8
:10093C000050AD1B592D04D8DEF80050AD1B5A2DBC
:10094C00EBD343441568AD0709D41568AD075CBFFC
:10095C0015685FEA857502D41568AD07F2D50025D8
:10096C0055601568ED0709D11568ED0704BF1568CA
:10097C005FEAC57502D11568ED07F2D015682D0632
:10098C0009D515682D0644BF15685FEA056502D5C3
:10099C0015682D06F2D45568DEF80050DEF80060BC
:1009AC00761B592E0ED8DEF80060761B592E9EBF92
:1009BC00DEF80060761B592E04D8DEF80060761B3A
:1009CC005A2EEBD3DEF80050DEF80060761B592E61
:1009DC000ED8DEF80060761B592E9EBFDEF8006044
:1009EC00761B592E04D8DEF80060761B5A2EEBD3FA
:1009FC001568AD0709D41568AD075CBF15685FEACB
:100A0C00857502D41568AD07F2D5C0F3072555607E
:100A1C001568ED0709D11568ED0704BF15685FEA85
:100A2C00C57502D11568ED07F2D015682D0609D5EC
:100A3C0015682D0644BF15685FEA056502D5156873
:100A4C002D06F2D45568DEF80050DEF80060761BF7
:100A5C00592E0ED8DEF80060761B592E9EBFDEF89C
:100A6C000060761B592E04D8DEF80060761B5A2ED7
:100A7C00EBD34FF48045CCF800504FF40055CCF834
:100A8C0000584FF08045CCF80050DEF80050DEF8EE
:100A9C000060761B592E0ED8DEF80060761B592E9E
:100AAC009EBFDEF80060761B592E04D8DEF800607D
:100ABC00761B5A2EEBD31568AD0709D41568AD0714
:100ACC005CBF15685FEA857502D41568AD07F2D571
:100ADC00002555601568ED0709D11568ED0704BFB1
:100AEC0015685FEAC57502D11568ED07F2D0156877
:100AFC002D0609D515682D0644BF15685FEA0565F6
:100B0C0002D515682D06F2D45568DEF80050DEF8D3
:100B1C000060761B592E0ED8DEF80060761B592E1D
:100B2C009EBFDEF80060761B592E04D8DEF80060FC
:100B3C00761B5A2EEBD3DEF80050DEF80060761BE5
:100B4C00592E0ED8DEF80060761B592E9EBFDEF8AB
:100B5C000060761B592E04D8DEF80060761B5A2EE6
:100B6C00EBD31568AD0709D41568AD075CBF1568E4
:100B7C005FEA857502D41568AD07F2D5C0B2506036
:100B8C001068C00709D11068C00704BF10685FEA7D
:100B9C00C07002D11068C007F2D01068000609D5E9
:100BAC001068000644BF10685FEA006002D5106848
:100BBC000006F2D45068DEF80000DEF800502D1A62
:100BCC00592D0ED8DEF800502D1A592D9EBFDEF887
:100BDC0000502D1A592D04D8DEF800502D1A5A2D1C
:100BEC00EBD34FF48040CCF800004FF40050CCF81D
:100BFC0000084FF08040CCF80000DEF80000DEF872
:100C0C0000502D1A592D0ED8DEF800502D1A592DE2
:100C1C009EBFDEF800502D1A592D04D8DEF8005076
:100C2C002D1A5A2DEBD31068800709D41068800751
:100C3C005CBF10685FEA807002D410688007F2D540
:100C4C00002050601068C00709D11068C00704BFAD
:100C5C0010685FEAC07002D11068C007F2D010684B
:100C6C00000609D51068000644BF10685FEA0060F2
:100C7C0002D510680006F2D45068DEF80000DEF8E9
:100C8C0000502D1A592D0ED8DEF800502D1A592D62
:100C9C009EBFDEF800502D1A592D04D8DEF80050F6
:100CAC002D1A5A2DEBD3DEF80000DEF800502D1A69
:100CBC00592D0ED8DEF800502D1A592D9EBFDEF896
:100CCC0000502D1A592D04D8DEF800502D1A5A2D2B
:100CDC00EBD31068800709D4106880075CBF1068DC
:100CEC005FEA807002D410688007F2D5C4F3072045
:100CFC0050601068C00709D11068C00704BF1068A5
:100D0C005FEAC07002D11068C007F2D0106800060C
:100D1C0009D51068000644BF10685FEA006002D570
:100D2C0010680006F2D45068DEF80000DEF80050BF
:100D3C002D1A592D0ED8DEF800502D1A592D9EBFA4
:100D4C00DEF800502D1A592D04D8DEF800502D1A5B
:100D5C005A2DEBD34FF48040CCF800004FF40050E8
:100D6C00CCF800084FF08040CCF80000DEF8000012
:100D7C00DEF800502D1A592D0ED8DEF800502D1A21
:100D8C00592D9EBFDEF800502D1A592D04D8DEF8CF
:100D9C0000502D1A5A2DEBD31068800709D4106817
:100DAC0080075CBF10685FEA807002D4106880070F
:100DBC00F2D5002050601068C00709D11068C00738
:100DCC0004BF10685FEAC07002D11068C007F2D08F
:100DDC001068000609D51068000644BF10685FEA69
:100DEC00006002D510680006F2D45068DEF80000EE
:100DFC00DEF800502D1A592D0ED8DEF800502D1AA1
:100E0C00592D9EBFDEF800502D1A592D04D8DEF84E
:100E1C0000502D1A5A2DEBD3DEF80000DEF80050EE
:100E2C002D1A592D0ED8DEF800502D1A592D9EBFB3
:100E3C00DEF800502D1A592D04D8DEF800502D1A6A
:100E4C005A2DEBD31068800709D4106880075CBF5B
:100E5C0010685FEA807002D410688007F2D5E0B2A7
:100E6C0050601068C00709D11068C00704BF106833
:100E7C005FEAC07002D11068C007F2D0106800069B
:100E8C0009D51068000644BF10685FEA006002D5FF
:100E9C0010680006F2D45068DEF80000DEF800405E
:100EAC00241A592C0ED8DEF80040241A592C9EBF57
:100EBC00DEF80040241A592C04D8DEF80040241A1D
:100ECC005A2CEBD34FF48040CCF800004FF000507C
:100EDC00CCF800084FF08040CCF80000DEF80000A1
:100EEC00DEF80040241A592C0ED8DEF80040241AE3
:100EFC00592C9EBFDEF80040241A592C04D8DEF879
:100F0C000040241A5A2CEBD31068800709D41068BF
:100F1C0080075CBF10685FEA807002D4106880079D
:100F2C00F2D52B2050601068C00709D11068C0079B
:100F3C0004BF10685FEAC07002D11068C007F2D01D
:100F4C001068000609D51068000644BF10685FEAF7
:100F5C00006002D510680006F2D45068DEF800007C
:100F6C00DEF80040241A592C0ED8DEF80040241A62
:100F7C00592C9EBFDEF80040241A592C04D8DEF8F8
:100F8C000040241A5A2CEBD34FF48040CCF80000CC
:100F9C004FF40050CCF800084FF08040CCF8000023
:100FAC00DEF80000DEF80040241A592C0ED8DEF8CA
:100FBC000040241A592C9EBFDEF80040241A592CEC
:100FCC0004D8DEF80040241A5A2CEBD310688007A2
:100FDC0009D4106880075CBF10685FEA807002D487
:100FEC0010688007F2D5002050601068C00709D146
:100FFC001068C00704BF10685FEAC07002D11068A7
:10100C00C007F2D01068000609D51068000644BF6E
:10101C0010685FEA006002D510680006F2D45068D0
:10102C00DEF80000DEF80040241A592C0ED8DEF849
:10103C000040241A592C9EBFDEF80040241A592C6B
:10104C0004D8DEF80040241A5A2CEBD3DEF800004A
:10105C00DEF80040241A592C0ED8DEF80040241A71
:10106C00592C9EBFDEF80040241A592C04D8DEF807
:10107C000040241A5A2CEBD31068800709D410684E
:10108C0080075CBF10685FEA807002D4106880072C
:10109C00F2D5C1F3072050601068C00709D1106861
:1010AC00C00704BF10685FEAC07002D11068C007A7
:1010BC00F2D01068000609D51068000644BF10680D
:1010CC005FEA006002D510680006F2D45068DEF8C2
:1010DC000000DEF80040241A592C0ED8DEF800402F
:1010EC00241A592C9EBFDEF80040241A592C04D81F
:1010FC00DEF80040241A5A2CEBD34FF48040CCF885
:10110C0000004FF40050CCF800084FF08040CCF8B1
:10111C000000DEF80000DEF80040241A592C0ED82E
:10112C00DEF80040241A592C9EBFDEF80040241A29
:10113C00592C04D8DEF80040241A5A2CEBD3106832
:10114C00800709D4106880075CBF10685FEA807064
:10115C0002D410688007F2D5002050601068C007D8
:10116C0009D11068C00704BF10685FEAC07002D1D3
:10117C001068C007F2D01068000609D51068000688
:10118C0044BF10685FEA006002D510680006F2D414
:10119C005068DEF80000DEF80040241A592C0ED8F6
:1011AC00DEF80040241A592C9EBFDEF80040241AA9
:1011BC00592C04D8DEF80040241A5A2CEBD3DEF854
:1011CC000000DEF80040241A592C0ED8DEF800403E
:1011DC00241A592C9EBFDEF80040241A592C04D82E
:1011EC00DEF80040241A5A2CEBD31068800709D47F
:1011FC00106880075CBF10685FEA807002D41068CA
:10120C008007F2D5C8B250601068C00709D11068C9
:10121C00C00704BF10685FEAC07002D11068C00735
:10122C00F2D01068000609D51068000644BF10689B
:10123C005FEA006002D510680006F2D45068DEF850
:10124C000000DEF80010091A59290ED8DEF800103B
:10125C00091A59299EBFDEF80010091A592904D819
:10126C00DEF80010091A5A29EBD34FF48040CCF861
:10127C0000004FF40050CCF800084FF08040CCF840
:10128C000000DEF80000DEF80010091A59290ED80B
:10129C00DEF80010091A59299EBFDEF80010091A51
:1012AC00592904D8DEF80010091A5A29EBD3106812
:1012BC00800709D4106880075CBF10685FEA8070F3
:1012CC0002D410688007F2D5002050601068C00767
:1012DC0009D11068C00704BF10685FEAC07002D162
:1012EC001068C007F2D01068000609D51068000617
:1012FC0044BF10685FEA006002D510680006F2D4A3
:10130C005068DEF80000DEF80010091A59290ED8D2
:10131C00DEF80010091A59299EBFDEF80010091AD0
:10132C00592904D8DEF80010091A5A29EBD3DEF833
:10133C000000DEF80010091A59290ED8DEF800104A
:10134C00091A59299EBFDEF80010091A592904D828
:10135C00DEF80010091A5A29EBD31068800709D45B
:10136C00106880075CBF10685FEA807002D4106858
:10137C008007F2D5C3F3072050601068C00709D16D
:10138C001068C00704BF10685FEAC07002D1106813
:10139C00C007F2D01068000609D51068000644BFDB
:1013AC0010685FEA006002D510680006F2D450683D
:1013BC00DEF80000DEF80010091A59290ED8DEF804
:1013CC000010091A59299EBFDEF80010091A592974
:1013DC0004D8DEF80010091A5A29EBD34FF48040D8
:1013EC00CCF800004FF40050CCF800084FF08040CF
:1013FC00CCF80000DEF80000DEF80010091A5929BC
:10140C000ED8DEF80010091A59299EBFDEF800101C
:10141C00091A592904D8DEF80010091A5A29EBD3F5
:10142C001068800709D4106880075CBF10685FEAF9
:10143C00807002D410688007F2D5002050601068CC
:10144C00C00709D11068C00704BF10685FEAC070FC
:10145C0002D11068C007F2D01068000609D51068D8
:10146C00000644BF10685FEA006002D510680006F1
:10147C00F2D45068DEF80000DEF80010091A592981
:10148C000ED8DEF80010091A59299EBFDEF800109C
:10149C00091A592904D8DEF80010091A5A29EBD375
:1014AC00DEF80000DEF80010091A59290ED8DEF813
:1014BC000010091A59299EBFDEF80010091A592983
:1014CC0004D8DEF80010091A5A29EBD310688007EB
:1014DC0009D4106880075CBF10685FEA807002D482
:1014EC0010688007F2D5D8B250601068C00709D1D7
:1014FC001068C00704BF10685FEAC07002D11068A2
:10150C00C007F2D01068000609D51068000644BF69
:10151C0010685FEA006002D510680006F2D45068CB
:10152C00DEF80000DEF80010091A59290ED8DEF892
:10153C000010091A59299EBFDEF80010091A592902
:10154C0004D8DEF80010091A5A29EBD34FF4804066
:10155C00CCF800004FF00050CCF800084FF0804061
:10156C00CCF80000DEF80000DEF80010091A59294A
:10157C000ED8DEF80010091A59299EBFDEF80010AB
:10158C00091A592904D8DEF80010091A5A29EBD384
:10159C001068800709D4106880075CBF10685FEA88
:1015AC00807002D410688007F2D52C20506010682F
:1015BC00C00709D11068C00704BF10685FEAC0708B
:1015CC0002D11068C007F2D01068000609D5106867
:1015DC00000644BF10685FEA006002D51068000680
:1015EC00F2D45068DEF80000DEF80010091A592910
:1015FC000ED8DEF80010091A59299EBFDEF800102B
:10160C00091A592904D8DEF80010091A5A29EBD303
:10161C004FF48040CCF800004FF40050CCF8000898
:10162C004FF08040CCF800005DF8048BF0BDB0B5F5
:10163C0002AF1C461546FFF7F0F804FB05F0002836
:10164C0000F0AA80BA68242343F20805C4F2000310
:10165C00C4F2010591B2D2B24FEA112C02E001386A
:10166C0000F09A801C681968091B59290BD8196855
:10167C00091B59299EBF1968091B592903D81968D8
:10168C00091B5A29EFD32968890709D429688907C6
:10169C005CBF29685FEA817102D429688907F2D599
:1016AC00C5F804C02968C90709D12968C90704BF4E
:1016BC0029685FEAC17102D12968C907F2D029688B
:1016CC00090609D52968090644BF29685FEA016142
:1016DC0002D529680906F2D469681C681968091BC7
:1016EC0059290BD81968091B59299EBF1968091B60
:1016FC00592903D81968091B5A29EFD31C68196892
:10170C00091B59290BD81968091B59299EBF19683F
:10171C00091B592903D81968091B5A29EFD32968C1
:10172C00890709D4296889075CBF29685FEA817138
:10173C0002D429688907F2D56A602968C90709D1DA
:10174C002968C90704BF29685FEAC17102D12968F9
:10175C00C907F2D02968090609D52968090644BFCA
:10176C0029685FEA016102D529680906F2D4696823
:10177C001C681968091B59293FF671AF1968091BB8
:10178C0059299EBF1968091B59293FF668AF19687A
:10179C00091B5A29EDD362E740F618404FF48041FB
:1017AC00C4F202000160B0BDF0B503AF2DE9000F2B
:1017BC0081B083460D46914600240A2059462A469C
:1017CC0001230094FFF733FF0BF10106A9F1020886
:1017DC000A200122314643460094FFF728FF05F109
:1017EC0009003146012243460094FFF720FF09EB24
:1017FC000B002A46411E0A2001230094FFF717FF15
:10180C00A5F1020A4FF6FF7000900B2031465246AC
:10181C0001234FF6FF74FFF70AFF0094A9F10406A9
:10182C000BF102040B20012233462146FFF7FFFE89
:10183C004FF6FF702146009005F108000122334657
:10184C004FF6FF79FFF7F3FE08EB0B010B20524626
:10185C000123CDF80090FFF7EAFE01B0BDE8000FC0
:10186C00F0BDF0B503AF2DE9000F83B0D0F84C906C
:10187C0043F668388246282001EB020B0C4600EB3D
:10188C0009160725C0F6010802920DE043EA811201
:10189C00841C284631464FF6FF73CDF80080FEF7C6
:1018AC00B3FE05445C4523D0204614F9011BB1F16D
:1018BC00FF3FCAB2EDDC437802F01F01E02A03F0CF
:1018CC003F03E3D38478F02A04F03F0444EA831303
:1018DC000AD3C27801F00701041D02F03F0242EA6C
:1018EC00831242EA8142D4E743EA0132C41CD0E7B6
:1018FC00B9F10F0F9FBF02980AF80900DAF84C00F3
:10190C0001309FBFCAF84C0003B0BDE8000FF0BD1A
:10191C00484610210EF069FCF0B503AF2DE9000F1D
:10192C0081B044F2E41B8D18924689468046072606
:10193C00C0F6010B0C460DE043EA8112841C3046C4
:10194C0007214FF6FF73CDF800B0FEF75DFE06449D
:10195C00AC4223D0204614F9011BB1F1FF3FCAB2AF
:10196C00EDDC437802F01F01E02A03F03F03E3D3E0
:10197C008478F02A04F03F0444EA83130AD3C27833
:10198C0001F00701041D02F03F0242EA831242EA11
:10199C008142D4E743EA0132C41CD0E7D8F83400C2
:1019AC00A0EB0A01002909DD0020CA0000904FEAD3
:1019BC00CA00073007211023FFF739FEC8E90C9A3B
:1019CC0001B0BDE8000FF0BDB0B502AF82B0044667
:1019DC00C8B2DFE810F011001601B200E400670095
:1019EC002F016101FD00930199007A014E008000E6
:1019FC0048013500CB001C00002040F2291100905A
:101A0C00204610221023FFF712FE02B0B0BD43F6A1
:101A1C0068352046C0F6010540F229118E224FF69A
:101A2C00FF730095FEF7F3FC009504F1080040F2FB
:101A3C0029118F224FF6FF73FEF7E9FC02B0B0BDFF
:101A4C0043F668352046C0F6010540F22911902274
:101A5C004FF6FF730095FEF7DAFC009504F10800D1
:101A6C0040F2291191224FF6FF73FEF7D0FC02B021
:101A7C00B0BD43F668352046C0F6010540F2291189
:101A8C009E224FF6FF730095FEF7C1FC009504F102
:101A9C00080040F229119F224FF6FF73FEF7B7FCA6
:101AAC0002B0B0BD43F668352046C0F6010540F2E1
:101ABC00291196224FF6FF730095FEF7A8FC0095AE
:101ACC0004F1080040F2291197224FF6FF73FEF73C
:101ADC009EFC02B0B0BD43F668352046C0F6010549
:101AEC0040F229118C224FF6FF730095FEF78FFC04
:101AFC00009504F1080040F229118D224FF6FF7376
:101B0C00FEF785FC02B0B0BD43F668352046C0F642
:101B1C00010540F229119A224FF6FF730095FEF74A
:101B2C0076FC009504F1080040F229119B224FF637
:101B3C00FF73FEF76CFC02B0B0BD43F6683520466F
:101B4C00C0F6010540F22911A0224FF6FF73009553
:101B5C00FEF75DFC009504F1080040F22911A1226A
:101B6C004FF6FF73FEF753FC02B0B0BD43F6683579
:101B7C002046C0F6010540F22911AA224FF6FF7348
:101B8C000095FEF744FC009504F1080040F2291181
:101B9C00AB224FF6FF73FEF73AFC02B0B0BD43F632
:101BAC0068352046C0F6010540F2291188224FF60F
:101BBC00FF730095FEF72BFC009504F1080040F232
:101BCC00291189224FF6FF73FEF721FC02B0B0BD3C
:101BDC0043F668352046C0F6010540F22911A622CD
:101BEC004FF6FF730095FEF712FC009504F1080008
:101BFC0040F22911A7224FF6FF73FEF708FC02B042
:101C0C00B0BD43F668352046C0F6010540F22911F7
:101C1C0098224FF6FF730095FEF7F9FB04F10800CC
:101C2C0040F22911992200954FF6FF73FEF7EFFB56
:101C3C0002B0B0BD43F668352046C0F6010540F24F
:101C4C00291192224FF6FF730095FEF7E0FB0095E9
:101C5C0004F1080040F2291193224FF6FF73FEF7AE
:101C6C00D6FB02B0B0BD43F668352046C0F6010580
:101C7C0040F22911A8224FF6FF730095FEF7C7FB1F
:101C8C00009504F1080040F22911A9224FF6FF73C8
:101C9C00FEF7BDFB02B0B0BD43F668352046C0F67A
:101CAC00010540F22911A4224FF6FF730095FEF7AF
:101CBC00AEFB009504F1080040F22911A5224FF665
:101CCC00FF73FEF7A4FB02B0B0BD43F668352046A7
:101CDC00C0F6010540F2291194224FF6FF730095CE
:101CEC00FEF795FB009504F1080040F229119522AE
:101CFC004FF6FF73FEF78BFB02B0B0BD43F66835B1
:101D0C002046C0F6010540F2291186224FF6FF73DA
:101D1C000095FEF77CFB009504F1080040F22911B8
:101D2C0087224FF6FF73FEF772FB02B0B0BDF0B521
:101D3C0003AF4DF8048DC46A002C55D0866A0D464D
:101D4C00804609783078814202D0EF20FFF73CFEC4
:101D5C00012C4DD06978707881421CBF4FF487708C
:101D6C00FFF732FE022C47D0A978B07881421CBF15
:101D7C0040F22D10FFF728FE032C41D0E978F078C3
:101D8C0081421CBF4FF4A670FFF71EFE042C3BD003
:101D9C002979307981421CBF40F26B10FFF714FE99
:101DAC00052C35D06979707981421CBF4FF4C57010
:101DBC00FFF70AFE062C2FD0A979B07981421CBFFF
:101DCC0040F2A910FFF700FE072C29D0E979F07931
:101DDC0081421CBF4FF4E470FFF7F6FD0820C8E900
:101DEC000A505DF8048BF0BD002021460EF0FDF981
:101DFC00012021460EF0F9F9022021460EF0F5F9EA
:101E0C00032021460EF0F1F9042021460EF0EDF9E5
:101E1C00052021460EF0E9F9062021460EF0E5F9E1
:101E2C00072021460EF0E1F9F0B503AF2DE9000FC4
:101E3C0083B0044647F6A86004EB00088B4698F87C
:101E4C005000DFE810F09C015E022C000700070038
:101E5C0007000700204600F0F2FB88F850B05FFA4C
:101E6C008BF0DFE810F00700FB02CD0077010F00CC
:101E7C0035034A03204603B0BDE8000FBDE8F0402F
:101E8C0002F030BE44F220512046C0F601010B2274
:101E9C00FFF742FD44F23861C0F6010166E100250E
:101EAC002C202E21202210230095FFF7C0FB0A20A6
:101EBC002921642202230095FFF7B9FB0A202B216C
:101ECC00022216230095FFF7B2FB6C202B21022275
:101EDC0016230095FFF7ABFB0A2041216422022355
:101EEC000095FFF7A4FB30205221182210230095F7
:101EFC00FFF79DFB0A204D21642202230095FFF77A
:101F0C0096FB0A204F21022216230095FFF78FFB28
:101F1C006C204F21022216230095FFF788FB0A2024
:101F2C006521642202230095FFF781FB3020762186
:101F3C00182210230095FFF77AFB0A2071216422E6
:101F4C0002230095FFF773FB0A207321022216234C
:101F5C000095FFF76CFB6C20732102221623009571
:101F6C00FFF765FB0A208921642202230095FFF705
:101F7C005EFB20209A21382210230095FFF757FB97
:101F8C000A209521642202230095FFF750FB0A20BA
:101F9C009721022216230095FFF749FB6C2097210D
:101FAC00022216230095FFF742FB0A20AD21642282
:101FBC0002230095FFF73BFB2C20BE21202210238F
:101FCC000095FFF734FB0A20B92164220223009507
:101FDC00FFF72DFB0A20BB21022216230095FFF7E9
:101FEC0026FB6C20BB21022216230095FFF71FFB5A
:101FFC000A20D121642202230095FFF718FB2CE75D
:10200C0044F63C212046C0F601011722FFF784FC60
:10201C0044F26C212046C0F60101FFF788FE44F221
:10202C00E41B606C4FF00009C0F6010B019025E039
:10203C00950040F21F460A20642202230096FFF707
:10204C00F6FA05F12B040A200222162321460096EB
:10205C00FFF7EDFA6C202146022216230096FFF7BB
:10206C00E6FA05F141010A20642202230096FFF7EB
:10207C00DEFA09F10109B9F1050F67D044F6142015
:10208C0009EBC901C0F60100029100EBC9004068E0
:10209C00002849D044F61421029AC0F6010151F8E7
:1020AC0039A02E2101EB82044FF6FC710AEB0008DB
:1020BC00C7F6FF7101EA8000C0F13C050EE043EA6F
:1020CC00811200F1020A284621464FF6FF73CDF823
:1020DC0000B0FEF799FA0544C24525D050461AF9CE
:1020EC00011BB1F1FF3FCAB2EDDC437802F01F01D6
:1020FC00E02A03F03F03E2D38678F02A06F03F068D
:10210C0046EA83130BD3C27801F0070100F1040AED
:10211C0002F03F0242EA831242EA8142D3E743EAE9
:10212C00013200F1030ACEE7029A292000EB82016A
:10213C00019881453FF47CAF084664211A22FFF7D1
:10214C0033FB09F10109B9F1050F97D103B0BDE8D3
:10215C00000FF0BD44F214512046C0F601010C22D0
:10216C00FFF7DAFB44F26041C0F60101204606227B
:10217C0003B0BDE8000FBDE8F04000F0CEBA41F26C
:10218C006A7040F28E31204410F040FB41F6BF40A3
:10219C0040F2C711204410F039FB42F2142040F2F7
:1021AC008E31204410F0C6FB42F2697040F2C71128
:1021BC00204410F02BFB41F2DC302121204404F0B0
:1021CC00FDF841F686603221204404F0F7F8002631
:1021DC0000201F2119224FF481730096FFF727FA74
:1021EC001A204FF49571302210230096FFF71FFA36
:1021FC0042F63C10204405F06EF847F690602044FF
:10220C0003F05EFBD8F808500123D8E9000A5146C8
:10221C0088F818602A4600960290FFF708FAD8F85A
:10222C001090A94519D20020D8F80C60CDE9000B0C
:10223C0001220298AAEB0601334609EB000B584623
:10224C00FFF7F5F900200AF1010100905846012230
:10225C003346DDF804B0FFF7EAF9D8F81400484526
:10226C0019D0A84217D24FF00009D8F80C50CDF86D
:10227C000090012202992B464618AAEB0501304624
:10228C00FFF7D5F90AF10101304601222B46CDF8B2
:10229C000090FFF7CCF94FF0FF300025C8E904009F
:1022AC0040F2C110002101221E230095FFF7BFF957
:1022BC004FF4C5700721102210230095FFF7B7F9D2
:1022CC004FF4D170002101221E230095FFF7AFF9C6
:1022DC0040F2A9100721102210230095FFF7A7F94F
:1022EC0040F28310002101221E230095FFF79FF975
:1022FC004FF4E4700721102210230095FFF797F993
:10230C00ABE5E56C002D00F0A68020780026282196
:10231C0010230096C2000720FFF789F9012D00F069
:10232C009A806078382110230096C2000720FFF7AE
:10233C007EF9022D00F08F80A078482110230096A2
:10234C00C2000720FFF773F9032D00F08480E078BA
:10235C00582110230096C2000720FFF768F9042DBE
:10236C0079D02079682110230096C2000720FFF74E
:10237C005EF9052D6FD06079782110230096C2008C
:10238C000720FFF754F9062D65D0A079882110237A
:10239C000096C2000720FFF74AF9072D5BD0E079C1
:1023AC00982110230096C2000720FFF740F9082D52
:1023BC0051D0207AA82110230096C2000720FFF7E5
:1023CC0036F9092D47D0607AB82110230096C20047
:1023DC000720FFF72CF90A2D3DD0A07AC821102335
:1023EC000096C2000720FFF722F90B2D33D0E07ABC
:1023FC00D82110230096C2000720FFF718F90C2DE6
:10240C0029D0207BE82110230096C2000720FFF77B
:10241C000EF90D2D1FD0607BF82110230096C20001
:10242C000720FFF704F90E2D15D0A07B4FF4847113
:10243C0010230096C2000720FFF7F9F80F2D0AD0E1
:10244C00E07B4FF48C7110230096C2000720FFF73D
:10245C00EEF8102D66D10020E064FEE444F2442135
:10246C002046C0F60101FFF762FC44F27941204698
:10247C00C0F601010522FFF74FFA44F27E412046D7
:10248C00C0F601011D22FFF7ECF944F29B412046F6
:10249C00C0F601013222FFF7E4F9E06C10283FBFCF
:1024AC0000212154E06C01303FBFE06444F2CD4187
:1024BC00C0F6010120463FBF1D2203B0BDE8000F4E
:1024CC00BDE8F04038BFFFF7CCB910210DF08DFE00
:1024DC0044F294612046C0F601010F22FFF71CFA6A
:1024EC0044F2C0612046C0F60101012203B0BDE8F0
:1024FC00000FBDE8F04000F010B944F250612046E6
:10250C00C0F601010B22FFF707FA44F28C6120465A
:10251C00C0F60101022203B0BDE8000FBDE8F04097
:10252C0000F0FBB8102010210DF05FFEF0B503AFEA
:10253C002DE9000B82B00B460246C16B806C8842C1
:10254C0072D2082872D2916BDBB251F820100E684F
:10255C00716899426DD9024492F8202091426BD94E
:10256C00346800EB8000317A04EBC30304EBC20641
:10257C00002975685B6854F832604FF00C04A3EBCB
:10258C0005024FF0800318BFA3EBC5043B2303EBFC
:10259C00C008D200002A0ADD0023E80000930029BD
:1025AC0018BF5042414620441023FFF740F8BDB3FA
:1025BC0043F668393544C0F601090DE043EA81124F
:1025CC00861C204641464FF6FF73CDF80090FEF76F
:1025DC001BF80444AE4223D0304616F9011BB1F16E
:1025EC00FF3FCAB2EDDC437802F01F01E02A03F092
:1025FC003F03E3D38678F02A06F03F0646EA8313BE
:10260C000AD3C27801F00701061D02F03F0242EA2C
:10261C00831242EA8142D4E743EA0132C61CD0E776
:10262C0002B0BDE8000BF0BD0DF0DFFD08210DF090
:10263C00DCFD18460DF0D9FD10460DF0D6FDF0B5B9
:10264C0003AF2DE9000F81B0C16B00295DD0D0F82C
:10265C00388000F120064FEA81094B244FF0000A24
:10266C0058F8040BA4F122011023D0F800B08068B4
:10267C00CDF800A0C2000A20FEF7D9FFA4F1120188
:10268C000A2078220223CDF800A0FEF7D0FFA4F197
:10269C0010050A20022210232946CDF800A0FEF7CF
:1026AC00C6FF8020294602221023CDF800A0FEF799
:1026BC00BEFF0A20214678220223CDF800A0FEF7A7
:1026CC00B6FF40F28B10844223D0DBF80410307834
:1026DC00814220D9DBF8001010239BF8082001EB75
:1026EC00C000002A4FF0800241684FF00C00CDF87A
:1026FC0000A018BFA2EBC100CA002946FEF797FF45
:10270C0028340136B9F10409AAD101B0BDE8000F93
:10271C00F0BD082008210DF068FDF0B503AF2DE9E0
:10272C00000F8BB04FF0000806460D46C0F84880ED
:10273C00C2631446806BB16344F22C210490C0F642
:10274C0001013046FFF7F3FA47F68D6043F6683B1C
:10275C003044029005EB8400C0F6010B039006F1A7
:10276C00200005960790069506E0039808F10108ED
:10277C00089D854200F0D48055F8042B06980499E6
:10278C000895814203D102980078022803D1079959
:10279C00107B01F80800906808EB88010A92002869
:1027AC0009913FD00A990A24099AD1F80490292159
:1027BC0001EBC20609EB000A0EE043EA811200F1BC
:1027CC000209204631464FF6FF73CDF800B0FDF7F5
:1027DC001BFF0444D14525D0484619F9011BB1F122
:1027EC00FF3FCAB2EDDC437802F01F01E02A03F090
:1027FC003F03E2D38578F02A05F03F0545EA8313C1
:10280C000BD3C27801F0070100F1040902F03F027A
:10281C0042EA831242EA8142D3E743EA013200F1F1
:10282C000309CEE70998C600059806F13901806CBA
:10283C00804520D140F21F450A20782202230095C2
:10284C00FEF7F5FE06F13B040A2002221023214676
:10285C000095FEF7ECFE8020214602221023009505
:10286C00FEF7E5FE06F14B010A20782202230095C3
:10287C00FEF7DDFE04E0084678211422FEF794FFF3
:10288C000A9802680798516810F8080081424BD9E1
:10289C00136803EBC001496800293FF466AF53F895
:1028AC0030503B36107A0C2405EB010900284FF010
:1028BC00800018BFA0EBC1040EE043EA8112851C16
:1028CC00204631464FF6FF73CDF800B0FDF79CFE65
:1028DC0004444D453FF449AF284615F9011BB1F1AD
:1028EC00FF3FCAB2ECDC437802F01F01E02A03F090
:1028FC003F03E2D38578F02A05F03F0545EA8313C0
:10290C000AD3C27801F00701051D02F03F0242EA2A
:10291C00831242EA8142D3E743EA0132C51CCFE776
:10292C000BB0BDE8000FF0BD0DF05FFCF0B503AFD0
:10293C002DE9000782B04FF0FF3252FA81F10A29DB
:10294C0045D8DFE801F0065B4444444444489744CE
:10295C00B100856C4FF0390AC46B8046142205EB2C
:10296C0085010AEBC10108467821FEF71DFF40F2F4
:10297C001F49002DCDF8009018BF2C46661E0A206A
:10298C007822022306EB86050AEBC501FEF74FFE03
:10299C003B2000EBC5040A20022221461023CDF86F
:1029AC000090FEF744FE8020214602221023CDF831
:1029BC000090FEF73CFE4B2000EBC5010A2078226C
:1029CC000223CDF80090FEF732FEC8F8486002B042
:1029DC00BDE80007F0BD826C072A6DD8C16B8A4236
:1029EC006ED2866B00F12003995C56F822600029A8
:1029FC003668367918BF0E46013E4DE0C16B4FF07C
:102A0C003908826C0139541A4FF0780118BF541CE4
:102A1C00846402EB8200142208EBC000FEF7C4FEB3
:102A2C0004EB840640F21F450A20782208EBC6010D
:102A3C0002230095FEF7FBFD3B2000EBC6040A20A9
:102A4C000222214610230095FEF7F1FD802021463D
:102A5C00022210230095FEF7EAFD4B2000EBC60185
:102A6C000A20782202230095FEF7E1FD02B0BDE8B2
:102A7C000007F0BD826C072A1ED8C16B8A421FD298
:102A8C00866B00F12003995C56F8226036687668F4
:102A9C00013E761A18BF4E1C9E5402B0BDE80007CA
:102AAC00BDE8F040FFF742BD002102B0BDE80007D1
:102ABC00BDE8F040FFF7B8B9104608210DF095FBC2
:102ACC0010460DF092FBD4D4F0B503AF2DE9000FF6
:102ADC0093B0059147F678610690084404900AA8D3
:102AEC0044F2FD4844F2E41A851C0024C826C0F6C2
:102AFC000108C0F6010A011D09910BE0044630469D
:102B0C00C8214FF4FC63CDF800A0FDF77DFD064411
:102B1C000A2C2DD018F90410601CB1F1FF3FCAB279
:102B2C00ECDC18F80000A31CE02A00F03F0102F0D6
:102B3C001F0015D318F80330F02A03F03F0343EAC3
:102B4C00811104F103030FD318F8032000F00700E0
:102B5C00043402F03F0242EA811141EA8042CEE79E
:102B6C0041EA80121C46CAE741EA00321C46C6E71D
:102B7C000698059AD0E9080192F811900022CDE947
:102B8C000E20A9F102001091CDE90C22C1B2052949
:102B9C000AA9CDE90A2228BF022001F11C04C0B207
:102BAC004B1DCE1C01F1010BDFE810F07802050083
:102BBC0069009900390005984FF000090895012526
:102BCC008DF82850006807F8210C47F8209CC109A3
:102BDC000793039400F0D18040F0800207F8212C79
:102BEC00820B07F8201C00F0B48041F0800107F83C
:102BFC00201C410D07F81F2C00F0B280000F42F092
:102C0C00800207F81E1C07F81F2C00F0B580052564
:102C1C0007F81D0C41F0800007F81E0CADE005987C
:102C2C0004218DF82810002147F8201C006807F8B3
:102C3C00210CC10900F0828040F0800207F8212CA1
:102C4C00820B07F8201C00F0808041F0800107F80F
:102C5C00201C410D07F81F2C00F08080000F42F063
:102C6C00800207F81E1C07F81F2C00F0808005223C
:102C7C0007F81D0C41F0800007F81E0C78E0059851
:102C8C00022100248DF8281047F8204C006807F822
:102C9C00210CCDE90735C109029651D040F08002D4
:102CAC0007F8212C820B07F8201C50D041F0800132
:102CBC0007F8201C410D07F81F2C53D0000F42F0D1
:102CCC00800207F81E1C07F81F2C00F093800525C6
:102CDC0007F81D0C41F0800007F81E0C8BE00598DE
:102CEC0003218DF828100021D0E9000947F8201C99
:102CFC0007F8210CC10925D040F0800207F8212CDF
:102D0C00820B07F8201C26D041F0800107F8201C0C
:102D1C00410D07F81F2C27D00026000F42F080022F
:102D2C0007F81E1C07F81F2C00F09D80052507F8DE
:102D3C001D0C41F0800007F81E0C95E0012217E0F5
:102D4C00012558E0002601258EE0022210E0022524
:102D5C0051E0022511E00026022585E0032207E060
:102D6C0003250AE0032546E0002603257CE0042227
:102D7C00A7F12101584648E10425A7F12101584645
:102D8C002A460FF00BF905986C1C47F8209C4168FB
:102D9C000AA8204407F8211CCA0922D041F080035C
:102DAC0007F8213C8B0B07F8202C1CD042F080023A
:102DBC0007F8202C4A0D07F81F3C18D0090F43F0D8
:102DCC00800307F81E2C07F81F3C00F08B80DDF801
:102DDC001CB007F81D1C42F08001052207F81E1CD0
:102DEC0083E0012281E00222DDF820B07DE00322A5
:102DFC00B3467AE00425A7F1210158462A460FF084
:102E0C00CDF8059847F8204C6C1C41680AA8204462
:102E1C0007F8211CCA0920D041F0800307F8213C97
:102E2C008B0B07F8202C1AD042F0800207F8202CCC
:102E3C004A0D07F81F3C14D0090F43F0800307F824
:102E4C001E2C07F81F3C00F09280052507F81D1C6E
:102E5C0042F0800107F81E1C8AE0012588E002255B
:102E6C0086E0032584E00425A7F1210158462A4673
:102E7C000FF094F80BEB05005FEAD91107F8219CD1
:102E8C0047F8206C25D049F0800207F8212C5FEA26
:102E9C009932264607F8201C1ED041F0800107F815
:102EAC00201C5FEA595107F81F2C18D042F0800201
:102EBC0007F81F2C5FEA197207F81E1C00F09A80A5
:102ECC0041F0800107F81D2C07F81E1C0522311A51
:102EDC0096E00122211A93E00222311A90E003229B
:102EEC00311A8DE00422DDF824B0A7F121010FF096
:102EFC0055F8059A107B916805380BF804000BEB1C
:102F0C000400B2F80D20A0F801200022033047F88D
:102F1C00202CCA0907F8211C21D0DDF80C9041F0B7
:102F2C00800307F8213C8B0B07F8202C1BD042F0B8
:102F3C00800207F8202C4A0D07F81F3C15D0090F0A
:102F4C0043F0800307F81E2C07F81F3C55D007F8F8
:102F5C001D1C42F08001052207F81E1C4EE00122C8
:102F6C00DDF80C904AE0022248E0032246E00425FA
:102F7C00A7F121012A460FF011F805982C4481681D
:102F8C00002047F8200C0AA8204407F8211CCA0985
:102F9C0022D041F0800307F8213C8B0B07F8202C42
:102FAC001FD042F0800207F8202C5E464A0D07F82D
:102FBC001F3C1BD04FF0000B090F43F0800307F8A8
:102FCC001E2C07F81F3C23D0052507F81D1C42F0CA
:102FDC00800107F81E1C1CE05E464FF0000B01251B
:102FEC0017E05E464FF0000B022512E04FF0000B8D
:102FFC0003250EE00422311A02E00422A9EB0001A1
:10300C008A4200F27D83A7F121010EF0C7FF45E053
:10301C000425A7F121012A460EF0C0FF05982C4487
:10302C0047F820BCC1680AA8204407F8211CCA092B
:10303C0020D041F0800307F8213C8B0B07F8202CA3
:10304C001AD042F0800207F8202C4A0D07F81F3CDA
:10305C0015D0090F43F0800307F81E2C07F81F3C0E
:10306C0010D0079E07F81D1C42F08001052207F8BE
:10307C001E1C09E0012207E00222089E04E0032244
:10308C00029E01E00422099EA7F121010EF086FFA9
:10309C000598007C3055301980F8019043F61040AB
:1030AC0040F2231148F6AB12C4F20200C4F267518D
:1030BC00CCF6EF5240F80C1C40F80C2C0368B3F122
:1030CC00FF3F40F31A83069B4FF60445CFF6FE757F
:1030DC001B7E06680C2B06EA05064FF0200505EB57
:1030EC00C30538BFDD00EBB2334443F4803343F007
:1030FC000203036050F8043CDB030CD550F8043C8D
:10310C00DB0344BF50F8043C5FEAC33303D550F8EB
:10311C00043CDB03EED450F8043C036843F000435A
:10312C00036040F80C1C40F80C2C0168B1F1FF3F17
:10313C0040F3E382012108910699D1F810E00021B7
:10314C00099105E050F8041C11F0F20F40F09E803C
:10315C000899002900F09680016840F203320EF0C5
:10316C000F039143C3F1100201310160099E0AA9BA
:10317C00089283F00F028C190EF10061C3F10E0C52
:10318C00C3F10D0B0023CDF81CE0099D05EB030AE0
:10319C00BAF11C0F2DD0E55C9A42CD5430D0BAF167
:1031AC001B0534D004EB030801EB03099C4598F88C
:1031BC00015089F801502FD0BAF11A0530D098F887
:1031CC0002509B4589F8025032D0BAF1190536D01D
:1031DC0098F803500EF1040E89F803500436089D3C
:1031EC0004339D42D1D1DDF81CE009999E44194469
:1031FC002BE0DDF81CE01C21CDE908319E4425E0D4
:10320C00711C09910799194401F1010E1EE00EF190
:10321C00010E43F0010116E0B11C0EF1020E14E098
:10322C0043F0020108910799194401F1020E0BE0D9
:10323C00F11C09910799194401F1030E06E00EF1F6
:10324C00030E43F0030108911C21099144F2E41A86
:10325C0044F2FD48C0F6010AC0F6010850F8041CFF
:10326C00C9037FF56FAF50F8041CC90344BF50F875
:10327C00041C5FEAC1317FF565AF50F8041CC9032B
:10328C00ECD45FE7016821F001010160016841F0B5
:10329C0000410160069947F67C60059C0844079044
:1032AC0094E86E0000246EC0C8250AE00446284647
:1032BC00C8210023CDF800A0FDF7A6F905440A2C7F
:1032CC002DD018F90410601CB1F1FF3FCAB2EDDC2F
:1032DC0018F80000A31CE02A00F03F0102F01F00C8
:1032EC0015D318F80330F02A03F03F0343EA811199
:1032FC0004F103030FD318F8032000F00700043483
:10330C0002F03F0242EA811141EA8042CFE741EAF2
:10331C0080121C46CBE741EA00321C46C7E7242446
:10332C0043F2080844F2EA4C4FF0010BC4F20004DB
:10333C00C4F20108C0F6010C4FF0000909E0DDF8F9
:10334C0020B044F2E41AC0F6010ABBF1040F00F0FD
:10335C009E810BEB8B00C8264042002506EB4000FB
:10336C0009900FE00546099930464FF4FC63CDF8FF
:10337C0000A0FDF749F944F2EA4C0644132DC0F6BF
:10338C00010C2DD01CF90510681CB1F1FF3FCAB21D
:10339C00E8DC1CF80000AB1CE02A00F03F0102F056
:1033AC001F0015D31CF80330F02A03F03F0343EA47
:1033BC00811105F103030FD31CF8032000F0070063
:1033CC00043502F03F0242EA811141EA8042CAE729
:1033DC0041EA80121D46C6E741EA00321D46C2E7AB
:1033EC0020684BF6A032C0F20D022168091A9142F6
:1033FC000BD22168091A91423EBF2168091A9142E9
:10340C0003D22168091A9142EFD30BF1010BCDF8CD
:10341C0020B04FF0000BC8260BE040F618400836E1
:10342C00BBF1130FC4F202004FF4804101603FF472
:10343C0086AF1CF90B100BF10100B1F1FF3F5FFAE5
:10344C0081FA06DD8346BAF1200F2FD24FF07F0AA6
:10345C0037E01CF800000BF10202BAF1E00F00F0AB
:10346C003F010AF01F001BD31CF80220BAF1F00F29
:10347C0002F03F0242EA81110BF10302C0F0FD8021
:10348C001CF8022000F007000BF1040B02F03F02C5
:10349C0042EA811141EA804ABAF1200FD6D305E005
:1034AC0041EA801A9346BAF1200FCFD3BAF5657F63
:1034BC0005D0BAF1B50F08BF4FF0800A01E04FF00C
:1034CC00AE0A0999304608221023FDF7A6F94FF6EB
:1034DC000060CFF6FF7000EB0A10B0F5C06F00F281
:1034EC00F28044F2EA4C4FEA0A10C0F50061002267
:1034FC00C0F6010C02E00132102A8ED0002302E04B
:10350C000133082BF7D002EBD300884280F0BD804A
:10351C00206825682D1A592D0BD825682D1A592D80
:10352C009EBF25682D1A592D03D825682D1A5A2DA2
:10353C00EFD3D8F8000080070CD4D8F8000080072F
:10354C005CBFD8F800005FEA807003D4D8F80000A4
:10355C008007EED5C8F80490D8F80000C0070CD14D
:10356C00D8F80000C00704BFD8F800005FEAC070AC
:10357C0003D1D8F80000C007EED0D8F80000000640
:10358C000CD5D8F80000000644BFD8F800005FEA5C
:10359C00006003D5D8F800000006EED4D8F804007B
:1035AC00206825682D1A592D0BD825682D1A592DF0
:1035BC009EBF25682D1A592D03D825682D1A5A2D12
:1035CC00EFD3206825682D1A592D0BD825682D1A94
:1035DC00592D9EBF25682D1A592D03D825682D1AF3
:1035EC005A2DEFD3D8F8000080070CD4D8F800007F
:1035FC0080075CBFD8F800005FEA807003D4D8F86D
:10360C0000008007EED5C8F80490D8F80000C00779
:10361C000CD1D8F80000C00704BFD8F800005FEA4E
:10362C00C07003D1D8F80000C007EED0D8F8000065
:10363C0000060CD5D8F80000000644BFD8F80000EE
:10364C005FEA006003D5D8F800000006EED4D8F885
:10365C000400206825682D1A592D3FF651AF2568B6
:10366C002D1A592D9EBF25682D1A592D3FF648AF9E
:10367C0025682D1A5A2DEDD342E741EA003A9346BC
:10368C00BAF1200FFFF4E2AE10E70CF0AEFD049A95
:10369C000021507D11600238C1B2052928BF0220DB
:1036AC00C1B2069A43F25800024444F28870C0F644
:1036BC000100DFE801F01A1503110C0044F2A070B0
:1036CC00C0F601000CE04FF4C0610DF0DCFA44F2DE
:1036DC00D070C0F6010003E044F2B870C0F60100EF
:1036EC000699C36807985031984706980021FEF751
:1036FC009BFB13B0BDE8000FF0BD31200DF089F934
:10370C000DF063FCF0B503AF2DE9000F83B04AF662
:10371C00800B242643F2080444F2075500204FF096
:10372C00000AC0F2121BC4F20006C4F20104C0F677
:10373C000105029007E0029844F20755C0F6010516
:10374C00032800F091814FF000084FF0C8090FE0FA
:10375C00804644F2E410C821C0F601004FF47843CF
:10376C0000904846FCF750FF8144B8F10D0F2DD066
:10377C0015F9081008F10100B1F1FF3FCAB2E7DCFE
:10378C00285C08F10203E02A00F03F0102F01F0060
:10379C0014D3EB5CF02A03F03F0343EA811108F1E8
:1037AC0003030FD3EA5C00F0070008F1040802F0F1
:1037BC003F0242EA811141EA8042CAE741EA8012A3
:1037CC009846C6E741EA00329846C2E7306831684D
:1037DC00091A59450BD23168091A59453EBF31684F
:1037EC00091A594503D23168091A5945EFD3029881
:1037FC004FF0000B4FF0C809013002900CE040F67E
:10380C00184009F10809BBF10D0FC4F202004FF486
:10381C008041016000F00E8144F207530BF101006E
:10382C00C0F6010313F90B10B1F1FF3F5FFA81F8F9
:10383C0004DD8346B8F1200F29D331E0185C0BF17D
:10384C000202B8F1E00F00F03F0108F01F0018D39E
:10385C009A5CB8F1F00F02F03F0242EA81110BF1D1
:10386C00030217D39A5C00F007000BF1040B02F073
:10387C003F0242EA811141EA8048B8F1200F06D399
:10388C000EE041EA80189346B8F1200F08D24FF0B1
:10389C007F0810E041EA00389346B8F1200FF6D3C8
:1038AC00B8F5657F05D0B8F1B50F08BF4FF08008AB
:1038BC0001E04FF0AE084846C82108221023FCF75F
:1038CC00ACFF4FF60060CFF6FF7000EB0810B0F5C0
:1038DC00C06F00F2CD804FEA0810C0F500610022E5
:1038EC0003E00132102A3FF48AAF002302E00133D7
:1038FC00082BF6D002EBD300884280F0B3803068FE
:10390C0035682D1A592D0BD835682D1A592D9EBF97
:10391C0035682D1A592D03D835682D1A5A2DEFD329
:10392C002068800709D4206880075CBF20685FEAA4
:10393C00807002D420688007F2D5C4F804A02068F7
:10394C00C00709D12068C00704BF20685FEAC070B7
:10395C0002D12068C007F2D02068000609D5206883
:10396C00000644BF20685FEA006002D520680006AC
:10397C00F2D46068306835682D1A592D0BD835682B
:10398C002D1A592D9EBF35682D1A592D03D835681F
:10399C002D1A5A2DEFD3306835682D1A592D0BD8A6
:1039AC0035682D1A592D9EBF35682D1A592D03D8FF
:1039BC0035682D1A5A2DEFD32068800709D420685A
:1039CC0080075CBF20685FEA807002D420688007A3
:1039DC00F2D5C4F804A02068C00709D12068C0073C
:1039EC0004BF20685FEAC07002D12068C007F2D023
:1039FC002068000609D52068000644BF20685FEAED
:103A0C00006002D520680006F2D460683068356822
:103A1C002D1A592D3FF66BAF35682D1A592D9EBFB7
:103A2C0035682D1A592D3FF662AF35682D1A5A2D6F
:103A3C00EDD35CE730684AF6800BC0F2121B31689C
:103A4C00091A5945BFF477AE3168091A59453EBF7A
:103A5C003168091A5945BFF46EAE3168091A5945D7
:103A6C00EDD368E60CF0C1FB03B0BDE8000FF0BD70
:103A7C004FF4C0610DF007F9F0B503AF4DF8048DAC
:103A8C00A0B0002110221428069201AACDE903113E
:103A9C00CDE901110791059200F29D8014AB0C93B6
:103AAC0040F2472344F64436C0F60003C0F6010644
:103ABC00119312AB109340F69533C0F6010302221A
:103ACC000F9344F2C463C0F6010303EBC0000E90E5
:103ADC00037944F65030C0F601000D92099250F86B
:103AEC00230056F82330ADF87020ADF86820CDE9EE
:103AFC00123044F27070C0F60100ADF850200890FE
:103B0C002020CAF6000000F16053CDE918104FF4E4
:103B1C00403016900EA843F248210B920A9005A84B
:103B2C0008AA1F930123C0F601011E930CF075FF28
:103B3C0000284BD1DDE906128A4249D8059914A810
:103B4C000DF0FBF81498012840D01698D0B3159EB0
:103B5C0043F668381A24C0F6010835180EE043EA1B
:103B6C008112861C20464FF495714FF6FF73CDF8E9
:103B7C000080FCF749FD0444AE4223D0304616F9D0
:103B8C00011BB1F1FF3FCAB2ECDC437802F01F011C
:103B9C00E02A03F03F03E2D38678F02A06F03F06D2
:103BAC0046EA83130AD3C27801F00701061D02F01E
:103BBC003F0242EA831242EA8142D3E743EA0132EE
:103BCC00C61CCFE720B05DF8048BF0BD0DF0FDF9FD
:103BDC0010460DF058F815210CF007FBF0B503AFAB
:103BEC002DE9000F81B02DED0A8BB6B0044641F2E1
:103BFC00D8302058002800F08E8442F6301021185E
:103C0C0047F67860261841F26A7004912044D1E995
:103C1C00005840F28E310EF0F9FD41F6BF4040F2F3
:103C2C00C71120440EF0F2FD42F2142040F28E3106
:103C3C0020440EF07FFE42F2697040F2C71120441E
:103C4C000EF0E4FD41F6866036682044069041F2A1
:103C5C00DC30002E204405940B9000F00184059973
:103C6C0043F2580008440A9028460EF037FE0446EA
:103C7C0040460D460EF032FE721E2B46B2F57A7F90
:103C8C0028BF4FF47A720132B6F57A7F88BF4FF4B1
:103C9C007A720892224610940F950EF0A3FD9FEDB8
:103CAC00BB8B9FEDBC9B9FEDBDBB099001200E9182
:103CBC00002107E00D9908988142084638BF013071
:103CCC0080F0CE830D90C8087C2800F2978501EB1C
:103CDC0081000A990DF1640B11F8202001EB800092
:103CEC004168119181680C91D0E90341407817919A
:103CFC0040211290584618920EF01CFE20460EF0F1
:103D0C00EDFDDDE90F320EF06DFD53EC182BCDE916
:103D1C0015230EF049F9099C0E9B22460EF089FEE4
:103D2C0055EC199B4A462B460EF091FBB0EE491A06
:103D3C00F0EE691A41EC100B0FF054F8B0EE481A83
:103D4C00F0EE681A0EF02AFB56EC10AB00202B900C
:103D5C004020CDE929B0504631460EF042FE834654
:103D6C00504631464A462B46CDF84C9014950EF0F1
:103D7C00A5FA804617980EF0B1FDDDE90F320EF072
:103D8C0031FDDDE915230EF00FF90E9B22460EF0E6
:103D9C0050FE4A462B460EF05AFB59EC1B4BB8F121
:103DAC00000F41EC1A0B5046314608BFC346224661
:103DBC004B460EF0BDFAB0EE4A0A0028B0EE491A96
:103DCC0018BF4FF0FF3BF0EE6A0AF0EE691A0FF0E5
:103DDC0009F8B0EE481AF0EE681A0EF0DFFA56EC5D
:103DEC00105B284631460EF0FCFDDDE913238246BC
:103DFC00284631460EF062FA002808BF8246284653
:103E0C00314622464B460EF093FA002818BF4FF06D
:103E1C00FF3ACDF858B01899AAEB0B04DFE801F083
:103E2C00590866082A78A56FC254AF2340830B61EA
:103E3C0029A8129957E0002044F62C313290012029
:103E4C002F90C0F60101319034A8309041F2392006
:103E5C00C0F601002E9135902CA83490129800F0E9
:103E6C0001002C9076E002202B9045F22020ADF83A
:103E7C0064009EE0129844F62C31C0F6010100F06B
:103E8C0001008DF8B00000202E91329001202F906F
:103E9C00319034A8309040F6E770C0F6010056E03F
:103EAC00129844F63C318DF8B0000020329001207D
:103EBC002F90C0F60101319034A8309041F21900D6
:103ECC00C0F601002E9142E044F62060C6F6613047
:103EDC006CE044F22050C7F26D00199047F6741054
:103EEC001DE0119929A802F083FB62E0129929A820
:103EFC0002F07EFB30260120DDF818B05DE0532087
:103F0C008DF8660045F22020ADF8640003204FE0E8
:103F1C0045F22030C6F27410199047F27240ADF899
:103F2C006800062044E00C9844F62C312D90C0F625
:103F3C00010111982C900020329001202F9031908B
:103F4C0034A8309040F247202E91C0F600003590F6
:103F5C002CA8349043F2482129A82EAAC0F60101BE
:103F6C000CF05BFD28B300F018BC45F22030C6F60F
:103F7C007470199070208DF86800052018E00220EC
:103F8C002B9045F22070ADF8640012E000000000A8
:103F9C0000607C4000000000000000000000E0FF1A
:103FAC00FFFFEF4144F22010C6F663301990042055
:103FBC002B90DDF82CB020260020DDE92A1888454E
:103FCC0000F2ED83DDF8A490424611902EA84946EC
:103FDC000CF0B3FE2E98012800F0DF83309800EB34
:103FEC00C000844260D2169882457FF663AE169B61
:103FFC0040F2C7100BEB0302B3F5E47F28BF184661
:10400C00C11A0BEB430302F6E60203F565730029B4
:10401C0000F0EB834FF6FF7523F8065C12F8035C97
:10402C0005F00F05354302F8035C169D0135554527
:10403C003FF440AE854200F0D8834FF6FF7523F86D
:10404C00045C12F8025C05F00F05354302F8025CC3
:10405C00169D023555453FF42DAE854200F0C583C3
:10406C004FF6FF7523F8025C12F8015C05F00F05A2
:10407C00354302F8015C169D033555453FF41AAEE5
:10408C00854200F0B2834FF6FF75043923F8085BC4
:10409C00157805F00F05354302F8045B169D0435C1
:1040AC0016955545B3D105E61698824554D9169DFB
:1040BC0040F2C7100BEB0502B5F5E47F0BEB4503A3
:1040CC0028BF2846411B02F6E60203F5657300295A
:1040DC0000F08B834FF6FF7423F8064C12F8034C58
:1040EC0004F00F04344302F8034C6C1C544533D0D9
:1040FC00844200F07A834FF6FF7423F8044C12F8D4
:10410C00024C04F00F04344302F8024CAC1C54452E
:10411C0022D0844200F069834FF6FF7423F8024CDE
:10412C0012F8014C04F00F04344302F8014CEC1C5F
:10413C00544511D0844200F058834FF6FF74043577
:10414C0023F8084B04391478554504F00F0444EA5D
:10415C00060402F8044BBAD12EA8494642460CF08C
:10416C00ECFD2E98012800F01883309900293FF4BB
:10417C00A1AD2F980BF28E330144129106460BF62B
:10418C00E301139107E0149E0831129816918642B0
:10419C0030463FF48FAD16F9012BB2F1FF3FD1B28F
:1041AC0005DD2029149625D24FF4FE6E37E04678B3
:1041BC0001F01F02E02906F03F0615D38578F0299F
:1041CC0005F03F0545EA8616C0F03D81C17802F046
:1041DC00070201F03F0141EA8611061D41EA8241C6
:1041EC0020291496E0D305E046EA8211861C20298A
:1041FC001496D9D3B52910D0B1F5657F00F004839E
:10420C004FF60060CFF6FF7000EB0110B0F5C06FF9
:10421C0000F2FC824FEA011E03E04FF4006EAEF593
:10422C00007043F6E3320121C0F6010210441790EE
:10423C001698C41D00F1060C451D061DC21C00F18C
:10424C00020900F1010B2046CEF500644FF0000E80
:10425C001894159005E00EF1010EBEF1100F00F050
:10426C009280189C744500F0A28201FA0EF46FEA59
:10427C00040A179C14F90E40B4F1FF3F17DD5FFAE6
:10428C0084F85FEA486424D45FEA88642ED45FEA39
:10429C00C86438D45FEA087442D45FEA48744CD4DA
:1042AC005FEA887456D45FEAC874D4D060E016987C
:1042BC00B0F5E37F00F2998233F8101001EA0A019D
:1042CC0023F81010012115985FFA84F85FEA48640E
:1042DC00DAD5BBF5E37F00F2878233F81B4004EAA2
:1042EC000A0423F81B405FEA8864D0D5B9F5E37F54
:1042FC0000F26B8233F8194004EA0A0423F81940DF
:10430C005FEAC864C6D5B2F5E37F00F2638233F886
:10431C00124004EA0A0423F812405FEA0874BCD580
:10432C00B6F5E37F00F2478233F8164004EA0A043C
:10433C0023F816405FEA4874B2D5B5F5E37F00F276
:10434C004E8233F8154004EA0A0423F815405FEA5C
:10435C008874A8D5BCF5E37F00F2328233F81C4098
:10436C0004EA0A0423F81C405FEAC8743FF473AFF4
:10437C00B0F5E37F00F2398233F8104004EA0A0406
:10438C0023F8104067E71699DDF84CE011F1090F9E
:10439C003FF6F9AEB1F5E37F5DD80C461EF801107F
:1043AC00119801F0F00101440EF8041040F2C7110D
:1043BC008B4550D01EF80B40894504F0F0040444A2
:1043CC000EF80B401FBF1EF8091001F0F00101445C
:1043DC000EF809101CBF40F2C7118A423BD01EF8E0
:1043EC0002408E4204F0F00404440EF802401FBF59
:1043FC001EF8061001F0F00101440EF806101CBF67
:10440C0040F2C7118D4226D01EF805208C4502F0D3
:10441C00F00202440EF805201FBF1EF80C1001F02C
:10442C00F00101440EF80C101EBF40F2C711159A92
:10443C008A4210D01EF8021001F0F00101440EF86F
:10444C00021016999FE646EA0231C61C20291496E2
:10445C00FFF4AAAECEE6084640F2C7110BF0C5FE3B
:10446C00DDF814A041F2D83021210AEB00040AF146
:10447C00500007900B9801F0A1FF0698322101F033
:10448C009DFF049D21682868013918914AD4189B16
:10449C0000220024991801EBD1714910CE087C2E12
:1044AC0000F2A781079E56F8216086429ABF0C46FF
:1044BC004A1C4B1E9A42EDDD6E680022189D18991D
:1044CC00114401EBD1714910CB087C2B00F2918186
:1044DC00079B53F82130B3422CBF0D464A1C189B46
:1044EC0028BF4B1E9A421893E9DD0EF0F7F980466F
:1044FC00304689460EF0F2F942F63C124B465244D5
:10450C000092424649EC1A8B0EF06CF9AC4222D95F
:10451C00009802F0E0FE36B0BDEC0A8B01B0BDE8AD
:10452C00000FF0BD0EF0DAF9064668680C4641EC57
:10453C001A6B0EF0D3F9324623460EF053F942F6BD
:10454C003C1241EC1B0B5244002000920AF57F6296
:10455C000192029008E041EC1B0B0AEB040202F5FD
:10456C007F6002940190189542F63C100AEB00090A
:10457C000AF57F609FEDA78B9FEDA89B9FEDA9CBC4
:10458C000690002002E003980828C1D00246079844
:10459C00DDF808A0059250F82A30500004900198DC
:1045AC000678501C0390504618998A4538BF013044
:1045BC00BAF57A7F80F0F6800C90184608960EF0CB
:1045CC008DF953EC1A2BCDE916230EF00BF953ECA5
:1045DC00182BCDE914230DF0E7FC53EC1B2BCDE984
:1045EC0012230EF026FA58EC19BB5A4643460DF02E
:1045FC002EFFB0EE491AF0EE691A41EC100B0EF0DA
:10460C00F1FBB0EE481AF0EE681A0DF0C7FE56EC4E
:10461C00105B069810F80A00099010951196284620
:10462C0031460EF0DEF90446284631465A464346DA
:10463C00CDF834B0CDF838800DF040FE0F900798CF
:10464C00CDF82CA050F82A000A900EF047F9DDE9BD
:10465C0016230EF0C7F8DDE914230DF0A5FCDDE9F7
:10466C0012230EF0E6F95A4643460DF0F0FEB0EE7A
:10467C00491AF0EE691A41EC100B0EF0B3FBB0EED8
:10468C00481AF0EE681A0DF089FE55EC1CAB0F9829
:10469C005BEC108B002808BF0446DDE91001524684
:1046AC002B460DF045FE00284046594618BF4FF0EA
:1046BC00FF340EF096F9DDE90D23064640465946C7
:1046CC000DF0FCFD002808BF0646404659465246F0
:1046DC002B460DF02DFE002818BF4FF0FF36B442CC
:1046EC000DD90B9818990A9B88420C98BFF44BAFC4
:1046FC0018998246099E88427FF656AF43E7089880
:10470C000599C043C0B2C840049900F001000843A9
:10471C00012101FA00F0B4F5E37F39D839F814100F
:10472C00B44241EA000129F8141038BF0134D8D240
:10473C00B442D6D8B4F5E37F2AD839F81410B44271
:10474C0041EA000129F8141038BF0134C9D2B4422F
:10475C00C7D8B4F5E37F1BD839F81410B44241EA3A
:10476C00000129F8141038BF0134BAD2B442B8D8B9
:10477C00B4F5E37F0CD839F81410B44241EA0001C7
:10478C0029F8141038BF0134ABD2B442C3D9A8E70E
:10479C00204640F2C7110BF028FD0CF016FC4046E9
:1047AC000CF071FA50464FF47A710BF01EFD18980C
:1047BC0001460BF01AFD304640F2C7110BF015FD07
:1047CC00604640F2C7110BF010FD484640F2C7118D
:1047DC000BF00BFD104640F2C7110BF006FD2846FE
:1047EC0040F2C7110BF001FD584640F2C7110BF017
:1047FC00FCFC08464FF47A710BF0F7FC4FF47A701E
:10480C004FF47A710BF0F1FC4FF40E604FF4C06171
:10481C000CF039FA0000000000607C400000000041
:10482C00000000000000E0FFFFFFEF41F0B503AF18
:10483C002DE9000F89B041F2D831425842F63011BF
:10484C0046580144D1F804A04AB1511EB2F57A7F02
:10485C0000F2348100F1500252F8215000E00025A2
:10486C0047F6906147F6A862014484180846314621
:10487C0001F027FA207E4FF6FF7C38B994E8070048
:10488C0001232376CDF800C0FCF7D1FE002D7BD0A0
:10489C0030460EF023F8834628460E460EF01EF8DE
:1048AC0081468846584631464A46434607940EF0A0
:1048BC00C0F8064607988B46806808900EF00EF8F4
:1048CC009FED820B53EC102B0DF0C1FD04460D46F1
:1048DC003046594622462B460DF066FBCDE90510B5
:1048EC0050460DF0FBFF4A4643460EF0A2F8224616
:1048FC002B460DF059FB06468B460EF072F89FEDD9
:10490C00750B82463046594653EC102BCDE90323E8
:10491C000DF0D4FC9FED710B0028594653EC102B75
:10492C00CDE9012308BF824630460DF001FD002879
:10493C0018BF4FF0FF3ADDF820B0ABF1010555453B
:10494C0038BFAA46DDF81880DDF814904046494679
:10495C000EF047F8DDE90323064640464946079C1E
:10496C000DF0ACFC002808BF0646DDE901234046EB
:10497C0049460DF0DDFC002818BF4FF0FF365846B5
:10498C00B54238BF2E4603E0A0680026A0F1010A0C
:10499C00D4F810B0B34518BFD3451AD0834518D2FC
:1049AC0008900021D4E900050122D4F80C9000EB0A
:1049BC000B080091A5EB090140464B46FCF737FE6E
:1049CC000020691C0090404601224B46FCF72FFE4C
:1049DC0008986569B54218BF55452ED1B34518BF27
:1049EC00B5421ED086421CD208904FF6FF71D4E916
:1049FC000002D4F80C9000EB06080091A2EB090120
:104A0C000792404601224B46FCF711FE4FF6FF7011
:104A1C00012200904B460798411C4046FCF707FECC
:104A2C000898D34503D0B24518BF554525D1C4E9E4
:104A3C00046A09B0BDE8000FF0BD5D45CED08542DB
:104A4C00CCD208900021D4E90002D4F80C9000EBF1
:104A5C0005080091A2EB09010792404601224B4642
:104A6C00FCF7E5FD0020012200904B460798411C05
:104A7C004046FCF7DCFD0898B0E78245D7D2D4E974
:104A8C0000094FF6FF7BE568012200EB0A08CDF820
:104A9C0000B0A9EB050140462B46FCF7C8FD09F117
:104AAC000101404601222B46CDF800B0FCF7BFFDBA
:104ABC00C4E9046A09B0BDE8000FF0BD08464FF424
:104ACC007A710BF092FB00BF00BF00BF000000002A
:104ADC000000F0BF00000000000000000000E0FF3C
:104AEC00FFFFEF41F0B503AF2DE9000F89B044F69D
:104AFC00F0110E22C0F601018146FCF70DFF44F2C5
:104B0C004C214846C0F60101FDF711F900204FF683
:104B1C00FF76C9F8440040F2C110002101221E2387
:104B2C00D9F840A00096FCF782FD43F668384FF0A8
:104B3C00FF35C0F60108BAF1000FCDF8008008BFB0
:104B4C0040F21F454FF4C5700721AC222B464FF0A5
:104B5C00FF34FBF75CFC4FF4C9700721AD222B46E8
:104B6C00CDF80080FBF753FC4FF4D17000210122EB
:104B7C001E230096FCF75BFD4FF0FF35CDF800804F
:104B8C00BAF1010F08BF40F21F4540F2A9100721EE
:104B9C008A222B46FBF73BFC40F2B11007218B22FB
:104BAC002B46CDF80080FBF732FC40F2831000213D
:104BBC0001221E230096FCF73AFDCDF80080BAF1D5
:104BCC00020F08BF40F21F444FF4E47007219C22EF
:104BDC002346FBF71CFC4FF4E87007219D2223466B
:104BEC00CDF80080FBF713FC0C20512130224FF63E
:104BFC00FF73CDF80080FBF707FD0020512119222F
:104C0C0001230096FCF713FD0C206B2131224FF68B
:104C1C00FF73CDF80080FBF7F7FC00206B21192205
:104C2C0001230096FCF703FD0C20852132224FF660
:104C3C00FF73CDF80080FBF7E7FC002085211922DB
:104C4C0001230096FCF7F3FC0C209F2133224FF636
:104C5C00FF73CDF80080FBF7D7FC00209F211922B1
:104C6C0001230096FCF7E3FC0C20B92134224FF60B
:104C7C00FF73CDF80080FBF7C7FC0020B921192287
:104C8C0001230096FCF7D3FC0C20D32135224FF6E0
:104C9C00FF73CDF80080FBF7B7FC0020D32119225D
:104CAC0001230096FCF7C3FC0C20ED2136224FF6B5
:104CBC00FF73CDF80080FBF7A7FC0020ED21192233
:104CCC0001230096FCF7B3FC0C2040F207113722AD
:104CDC004FF6FF73CDF80080FBF796FC002040F2F6
:104CEC000711192201230096FCF7A1FC47F68D60F1
:104CFC0019F800000238C1B2052928BF022047F676
:104D0C007C6149440591C0B242F6381109EB0104AB
:104D1C0044F28871C0F60101DFE800F07711030D51
:104D2C00080044F2A071C0F6010108E044F2D07111
:104D3C00C0F6010103E044F2B871C0F60101CDE9FF
:104D4C00024906A84B690022059904939847DDF89F
:104D5C001890B9F1000F53D044F6D0184FF0000B57
:104D6C00C0F601080BE00BF1010B0599049B06A89A
:104D7C005A469847DDF81890B9F1000F40D00798C3
:104D8C000028F0D008991A2209EB000A002551439B
:104D9C0001F160040EE043EA811200F10209284699
:104DAC0021464FF6FF73CDF80080FBF72DFC054430
:104DBC00D145D8D0484619F9011BB1F1FF3FCAB211
:104DCC00EDDC437802F01F01E02A03F03F03E2D34D
:104DDC008678F02A06F03F0646EA83130BD3C27896
:104DEC0001F0070100F1040902F03F0242EA8312CC
:104DFC0042EA8142D3E743EA013200F10309CEE7EC
:104E0C00DDF80C904FF6FF76029C18201F21012232
:104E1C004FF481730096FCF70AFC4846FEF7DEFE61
:104E2C002068FEF729FE484609B0BDE8000FBDE832
:104E3C00F040FFF7FBBCF0B503AF2DE90007CA68E3
:104E4C0041F288360B689659B3426CD2B3F57A7F2F
:104E5C0074D203F1010EB64565D240F2E735AB4290
:104E6C0071D04C6802F57A6552F823C004F007093A
:104E7C0015F8038015F80E4084EA080424FA09F4A6
:104E8C00E40718D102F6A274B51EA6F1010E40F289
:104E9C00E63A9D420BD053454AD0E65C013386EA94
:104EAC00080626FA09F6F607F3D003F1010E4FEACD
:104EBC00DE037C2B47D852F82E204FF07C5591ED19
:104ECC00021AC1F800E0A2EB0C0300EE103AB8EEA7
:104EDC00400A80EE010A10EE104A65F31E0401EE42
:104EEC00104A30EE010ABDEEC00A10EE101A01296C
:104EFC0098BF012199422BD8B3FBF1F128FA09F69E
:104F0C00B3FBF1F5816005FB113306F0010103EBF6
:104F1C000C05A2EB5302A5EB5303C0E9003201735D
:104F2C00BDE80007F0BD02210173BDE80007F0BD2C
:104F3C004FF47A704FF47A710BF057F918464FF41E
:104F4C007A710BF052F970464FF47A710BF04DF9FF
:104F5C000CF03BF8F0B503AF4DF8048DD0E90145EA
:104F6C00AC4216D31646621B964238BF3246804678
:104F7C00002A1EBFD8F8000028440DF00FF8A8191D
:104F8C00A04238BF0446C8F8084000205DF8048BE6
:104F9C00F0BD284621460BF076FEF0B503AF2DE9A7
:104FAC00000F87B0029241F2883251F802E0BEF154
:104FBC00000F00F08C80846844F62062D0E9006514
:104FCC004FF00008029B04F0070B407C00241A44AD
:104FDC00039006F00700019205F0070204900020F0
:104FEC0000254FF0000C00260592069004E04FF0CF
:104FFC00000C0136B6456AD0B6F57A7F6CD08819AC
:10500C005FFA8CF290F8A0AF2AFA0BF000F00100D6
:10501C009042EED00028EAD0A14651F826C0B8F153
:10502C00000F08BFE146039A08F0070008F10108D9
:10503C00002A08BF80F00700059BB8F1080F069AFC
:10504C002AFA03F303F0010303FA00F342EA030222
:10505C00049B06922AFA03F303F0010303FA00F00F
:10506C0040EA050204D015464FF0010C4C46C0E74F
:10507C00019D2868C3087C2B20D89046029A00EB2F
:10508C008000032302F8203002EB8000069B437063
:10509C002B68C0E9034C581C2860C3087C2B0DD826
:1050AC0000EB8000022302F8203002EB8000C0E904
:1050BC00034C80F8018028680130286000204FF0F4
:1050CC0000084FF0010C4C460025069091E700209B
:1050DC0007B0BDE8000FF0BD4FF47A704FF47A7151
:1050EC000BF083F880B56F4684B0014601F1040ED5
:1050FC00006800239EE804500F28CDE90233CDE967
:10510C0000332ED86B46195C21B1002000F0010051
:10511C0004B080BD01210F2A195421D8985C20B10C
:10512C00002000F0010004B080BD0120BCF10F0F85
:10513C00985419D813F80C0020B1002000F001008D
:10514C0004B080BD0120BEF10F0F03F80C000FD886
:10515C0013F80E0080F0010000F0010004B080BDD7
:10516C00104610210BF041F8604610210BF03DF871
:10517C00704610210BF039F880B56F46032A2BD8F6
:10518C00DFE802F002200C1643F2402304220968E7
:10519C00C0F6010303604260816080BD44F6532376
:1051AC0003228968C0F6010303604260816080BD00
:1051BC00C96844F656230222C0F60103036042601C
:1051CC00816080BD43F2182304224968C0F60103B4
:1051DC0003604260816080BD0021016080BDF0B53C
:1051EC0003AF2DE9000F8BB0059241F288328A583B
:1051FC000A92002A00F05481D0E9000244F620669D
:10520C00059B4FF0000900F007004FF0010A3344F2
:10521C00079301234FF0000803FA00F04FF0000B46
:10522C00099002F0070003FA00F0089000200490A7
:10523C0006900390CDE9010009E0002004904FF0A6
:10524C0000090A980BF1010B584500F02981BBF5B8
:10525C007A7F00F02A8101EB0B009E46454651F8FF
:10526C002B8090F8A04F089852462040034618BF58
:10527C000123099E16EA040CE24618BF4FF0010AFE
:10528C0082EA0A04E4070DD0D20705D0BCF1000F66
:10529C0008D10022012407E0BCF1000F02D0002449
:1052AC001A4601E0002400220646002818BF0126F9
:1052BC0086EA0E06F60747D05FEACE761ED00028A7
:1052CC0042D1079C5FEAC97064D10698C0077CD0B4
:1052DC002268D0087C280CD802EB8200059A05269F
:1052EC0002F8206002EB80002268C0E90358501CD1
:1052FC00206000204FF001090690A2E720B35FEA7E
:10530C00C9705ED0002C079CDDE9026E26D1002A04
:10531C0041D1F0B208285BD230064FF00109019858
:10532C0008BF4046019086F00700BCF1000F18BF83
:10533C004FF0010C0136C0B202960CFA00F04EEAA6
:10534C00000ECDF80CE07CE7002818BF012004EA21
:10535C0000065FEAC97015D0079CDEB12268D00840
:10536C007C282BD802EB8200059A07264FF0010906
:10537C0002F8206002EB80002268C0E90358501C40
:10538C0020605EE7002E3FF45AAF01204FF0000979
:10539C00069056E792B12268D0087C283FF64DAFB4
:1053AC0002EB8200059A062602F8206002EB8000D0
:1053BC002268C0E90358501C20603EE74FF00109F9
:1053CC003FE7002C3FF43BAFDFE70020069036E7C9
:1053DC000498C0070FD02268D0087C283DD802EB77
:1053EC008200059A012602F8206002EB800282F806
:1053FC0001E0019E2CE02268D0087C2811D802EB39
:10540C008200059A0C2602F8206002EB80005FFAFD
:10541C008EF25208019E42702268C0E90368013284
:10542C0022605FEACE704FEAD20606D17C2E14D8E9
:10543C0002EB8200059A0A2605E07C2E0DD802EBC1
:10544C008200059A0B2602F8206002EB80022E46A1
:10545C00C2E903682068421C2260BCF1000F4FEACD
:10546C00D20606D07C2E13D802EB8200059A0926B0
:10547C0005E07C2E0CD802EB8200059A082602F877
:10548C00206002EB80002268C0E90358501C2060A9
:10549C0001204FF0010904900020CDE90200D0E674
:1054AC0000200BB0BDE8000FF0BD4FF47A704FF444
:1054BC007A710AF09AFE80B56F46D0E90001401A65
:1054CC0018BF012080BD80B56F4672B1012A1EBF86
:1054DC000021016080BD496844F658230322C0F6C0
:1054EC00010303604260816080BD44F65B230322AC
:1054FC000968C0F6010303604260816080BD80B51D
:10550C006F46002080BD80B56F46012080BD80B500
:10551C006F46002A1EBF0021016080BD096802226F
:10552C00C0E9012144F65E21C0F60101016080BD95
:10553C00F0B503AF2DE9000F8FB090ED020A0026F5
:10554C009FEDCC1AB8EE400A437B0691817B047B1D
:10555C000068049044F62060151803A881EE000A38
:10556C0000F11009019300910396CDE907660996A5
:10557C008DF8286002928DED050A03E01546052E84
:10558C0000F07281DDE9070188420CD10BA803A958
:10559C00FFF751FC9DF83800022800F065810BAB39
:1055AC000FCB89E80F00DFE806F003ED72AC320098
:1055BC00DDE9070188420CD10BA803A9FFF73BFCDE
:1055CC009DF83800022800F04F810BAB0FCB89E817
:1055DC000F009DF82800C0B1DDE90710814213D1FE
:1055EC000BA803A9FFF727FC9DF83800022800F050
:1055FC003B81DDE90B1009F1040CDDE90D238CE88E
:10560C000D000898C9F8001007900126B7E7DDE9EE
:10561C0007A082450ED10BA803A9FFF70CFC9DF83F
:10562C003800022800F020810BAB0FCB89E80F006B
:10563C00DDF81CA0099800999DF8286000EB0A0B76
:10564C000029CDF81CB000F0BE80012940F0BE80CE
:10565C0008998B45314617D10BA803A9FFF7EBFB33
:10566C009DF83800022800F0FF80DDE90D01DDE92E
:10567C000B23C9F80C10C9F80800C9E900239DF8E0
:10568C0028100998DDF81CB00BEB500BBAE0DDE9E3
:10569C0007A082450ED10BA803A9FFF7CCFB9DF800
:1056AC003800022800F0E0800BAB0FCB89E80F002C
:1056BC00DDF81CA04FF0000B4FF000085046002600
:1056CC000EE0099A9DF8281002EB000BCDF81CB0E7
:1056DC0001FA06F048EA000801365846B4426BD08D
:1056EC0008998842EDD10BA803A9FFF7A4FB9DF8FC
:1056FC003800022864D00BAB0FCB89E80F00079859
:10570C00DFE70198002859D0DDE907A082450ED1CA
:10571C000BA803A9FFF78FFB9DF83800022800F0B7
:10572C00A3800BAB0FCB89E80F00DDF81CA04FF06A
:10573C0055304FF0333100EA5800099AA8EB0000BD
:10574C0002EB0A0B019A01EA900120F0CC300844DC
:10575C004FF00131012ACDF81CB000EB101020F0F5
:10576C00F03001FB00F09DF8281001EB10604FEABF
:10577C00C0706DD1002872D044F660280D20C0F6A0
:10578C0001086DE0DDE907A082450DD10BA803A946
:10579C00FFF751FB9DF83800022865D00BAB0FCBFF
:1057AC0089E80F00DDF81CA00998022600EB0A0B13
:1057BC00CDF81CB0052035E0032602E00426DEE619
:1057CC0005260F202EE006200E462BE008998B456F
:1057DC00314616D10BA803A9FFF72DFB9DF8380015
:1057EC00022841D0DDE90D01DDE90B23C9F80C10CD
:1057FC00C9F80800C9E900239DF828100998DDF8BC
:10580C001CB0834401EA060044F6A2280026C0F628
:10581C000108C0074FF0240C4FF00D00CDF81CB060
:10582C0018BF06202B682A46DD087C2D3FF6A6AE55
:10583C00029D03EB830305F8230005EB8300417005
:10584C001168C0E9018CC0E903AB481C106095E6F7
:10585C0028B944F681280D20C0F6010800E00E207E
:10586C0004264FF0210CDDE700200FB0BDE8000F3F
:10587C00F0BD00BF50A9AB4C80B56F46D0E900011C
:10588C00081A18BF012080BD80B56F4672B1012A7D
:10589C001EBF0021016080BD496844F6C823022266
:1058AC00C0F6010303604260816080BD44F6C623EC
:1058BC0002220968C0F6010303604260816080BD6A
:1058CC00F0B503AF2DE9000F91B044F6D02E0026B1
:1058DC000675C0F6010ED0F800C00DF11C0BBEE829
:1058EC003C0040F22409594643F2080A3CC1C4F278
:1058FC000009C4F2010A9EE83C003CC10022416848
:10590C0001900420CDE90F6001F10800029106908E
:10591C00CDF80CC0CDF814C008E0049A05980132FB
:10592C00042A00F11800059000F04A810BEBC2002C
:10593C00049241685BF83200102935D20029ECD072
:10594C008A084FF0000400F01D8102F0030200F100
:10595C00010E6FF00305A4EB820C0EEB050204356F
:10596C0092F9033092F9068092F905B013F1410FC8
:10597C0092F90420C8BF013412F1410FC8BF0134A1
:10598C001BF1410FC8BF013418F1410F0CEB05029C
:10599C00C8BF01340432E0D12A1D0DF11C0B11F0EB
:1059AC00030140F0F48002E00AF020FD0446002CD4
:1059BC00B3D0C4F1030005994FF0000800EB400090
:1059CC0001EB40050BE040F6184008F101080635E4
:1059DC00A045C4F202004FF4804101609DD00699AD
:1059EC00284605220723FAF718FF232001E0013887
:1059FC00E9D0D9F80010D9F80020521A592A0ED83B
:105A0C00D9F80020521A592A9EBFD9F80020521AF0
:105A1C00592A04D8D9F80020521A5A2AEBD3DAF8AA
:105A2C00001089070CD4DAF8001089075CBFDAF88B
:105A3C0000105FEA817103D4DAF800108907EED503
:105A4C00CAF80460DAF80010C9070CD1DAF80010B3
:105A5C00C90704BFDAF800105FEAC17103D1DAF8A4
:105A6C000010C907EED0DAF8001009060CD5DAF8E8
:105A7C000010090644BFDAF800105FEA016103D593
:105A8C00DAF800100906EED4DAF80410D9F8001090
:105A9C00D9F80020521A592A0ED8D9F80020521AD7
:105AAC00592A9EBFD9F80020521A592A04D8D9F87D
:105ABC000020521A5A2AEBD3D9F80010D9F800203A
:105ACC00521A592A0ED8D9F80020521A592A9EBFB8
:105ADC00D9F80020521A592A04D8D9F80020521AA1
:105AEC005A2AEBD3DAF8001089070CD4DAF8001034
:105AFC0089075CBFDAF800105FEA817103D4DAF829
:105B0C0000108907EED5CAF80460DAF80010C9074E
:105B1C000CD1DAF80010C90704BFDAF800105FEAFC
:105B2C00C17103D1DAF80010C907EED0DAF8001011
:105B3C0009060CD5DAF80010090644BFDAF8001093
:105B4C005FEA016103D5DAF800100906EED4DAF841
:105B5C000410D9F80010D9F80020521A592A3FF62F
:105B6C0046AFD9F80020521A592A9EBFD9F8002006
:105B7C00521A592A3FF63BAFD9F80020521A5A2A2A
:105B8C00E9D334E7002211F003013FF410AF835640
:105B9C0013F1410FC8BF013401293FF408AF104481
:105BAC0090F9012012F1410FC8BF013402293FF4D2
:105BBC00FEAE90F9020010F1410FC8BF0134F6E6B9
:105BCC00029E002401980522039D07233146009470
:105BDC00C0E9024404612846FBF729FDA81D3146A3
:105BEC00052207230094FBF722FD05F10C0031463A
:105BFC00052207230094FBF71AFD05F1120031462C
:105C0C00052207230094FBF712FD05F1180031461D
:105C1C00052207230094FBF70AFD05F11E0031460F
:105C2C00052207230094FBF702FD05F12400314601
:105C3C00052207230094FBF7FAFC05F12A003146F4
:105C4C00052207230094FBF7F2FC05F130003146E6
:105C5C00052207230094FBF7EAFC05F136003146D8
:105C6C00052207230094FBF7E2FC05F13C003146CA
:105C7C00052207230094FBF7DAFC05F142003146BC
:105C8C00052207230094FBF7D2FC05F148003146AE
:105C9C00052207230094FBF7CAFC05F14E003146A0
:105CAC00052207230094FBF7C2FC05F15400314692
:105CBC00052207230094FBF7BAFC11B0BDE8000FD6
:105CCC00F0BDF0B503AF2DE9000F9BB08246007D0F
:105CDC008B46002800F099804FF47A704FF03032E8
:105CEC00ABFB00010692CDE904220C22089204AA17
:105CFC00002407925A22002309940DF0AFF8CDE945
:105D0C000A010120129015A90E900DAA109041F2D3
:105D1C007500C0F60100119114900AA8139013A8F5
:105D2C000F903020CAF6000044F23421CDE919401E
:105D3C004FF44020C0F60101179002200D9143F260
:105D4C004821ADF8540007A8C0F601010AF065FE21
:105D5C00002840F050829DF810209AF80800DAE9EB
:105D6C000065904240F050819DF811209AF809008E
:105D7C00904240F05D819DF812209AF80A00904202
:105D8C0040F06A819DF813209AF80B00904240F085
:105D9C0078819DF814209AF80C00904240F086818E
:105DAC009DF815209AF80D00904240F094819DF8D2
:105DBC0016209AF80E00904240F0A2819DF8172010
:105DCC009AF80F00904240F0B0819DF818209AF894
:105DDC001000904240F0BE819DF819209AF81100F5
:105DEC00904240F0CC819DF81A209AF81200904213
:105DFC0040F0DA819DF81B209AF81300904240F095
:105E0C00E8811BB0BDE8000FF0BDCDF808B0012053
:105E1C00DAE900B404F1080644F6D0198AF8140043
:105E2C000BF10C00C0F60109314673224FF6FF73DB
:105E3C00CDF80090FAF7E8FB0BF1120021462E2268
:105E4C004FF6FF73CDF800900394FAF7DDFB44F2A4
:105E5C0082780BF11E050024C0F601080BE0044605
:105E6C00284631464FF6FF73CDF80090FAF7CCFB7D
:105E7C000544022C2DD018F90410601CB1F1FF3F21
:105E8C00CAB2ECDC18F80000A31CE02A00F03F01B9
:105E9C0002F01F0015D318F80330F02A03F03F036B
:105EAC0043EA811104F103030FD318F8032000F027
:105EBC000700043402F03F0242EA811141EA8042B9
:105ECC00CEE741EA80121C46CAE741EA00321C4682
:105EDC00C6E703990BF12A002E224FF6FF73CDF87B
:105EEC000090FAF791FB44F284780BF1360500240C
:105EFC00C0F601080BE00446284631464FF6FF7306
:105F0C00CDF80090FAF780FB0544032C2DD018F93E
:105F1C000410601CB1F1FF3FCAB2ECDC18F80000B1
:105F2C00A31CE02A00F03F0102F01F0015D318F863
:105F3C000330F02A03F03F0343EA811104F1030319
:105F4C000FD318F8032000F00700043402F03F02CE
:105F5C0042EA811141EA8042CEE741EA80121C46B6
:105F6C00CAE741EA00321C46C6E703990BF142002E
:105F7C002E224FF6FF73CDF80090FAF745FB0BF18C
:105F8C004E05DDF808B044F6CB280024C0F6010815
:105F9C000CE00446284631464FF6FF73CDF80090CE
:105FAC00FAF732FB0544022C3FF496AE18F90410B4
:105FBC00601CB1F1FF3FCAB2EBDC18F80000A31C67
:105FCC00E02A00F03F0102F01F0015D318F803304F
:105FDC00F02A03F03F0343EA811104F103030FD3CA
:105FEC0018F8032000F00700043402F03F0242EAE4
:105FFC00811141EA8042CDE741EA80121C46C9E793
:10600C0041EA00321C46C5E744F6D0102946C0F6DA
:10601C0001004FF6FF73009030468AF80820FAF71B
:10602C00F3FA9DF811209AF8090090423FF4A3AEC0
:10603C0044F6D0102946C0F601004FF6FF730090CD
:10604C00B01D8AF80920FAF7DFFA9DF812209AF8A9
:10605C000A0090423FF496AE44F6D0102946C0F6A2
:10606C0001004FF6FF73009006F10C008AF80A202D
:10607C00FAF7CAFA9DF813209AF80B0090423FF4F5
:10608C0088AE44F6D0102946C0F601004FF6FF73D7
:10609C00009006F118008AF80B20FAF7B5FA9DF873
:1060AC0014209AF80C0090423FF47AAE44F6D010CB
:1060BC002946C0F601004FF6FF73009006F11E0052
:1060CC008AF80C20FAF7A0FA9DF815209AF80D0022
:1060DC0090423FF46CAE44F6D0102946C0F6010055
:1060EC004FF6FF73009006F124008AF80D20FAF7A2
:1060FC008BFA9DF816209AF80E0090423FF45EAE93
:10610C0044F6D0102946C0F601004FF6FF730090FC
:10611C0006F130008AF80E20FAF776FA9DF817206F
:10612C009AF80F0090423FF450AE44F6D010294636
:10613C00C0F601004FF6FF73009006F136008AF8A6
:10614C000F20FAF761FA9DF818209AF81000904287
:10615C003FF442AE44F6D0102946C0F601004FF68B
:10616C00FF73009006F13C008AF81020FAF74CFA05
:10617C009DF819209AF8110090423FF434AE44F681
:10618C00D0102946C0F601004FF6FF73009006F1BF
:10619C0048008AF81120FAF737FA9DF81A209AF875
:1061AC00120090423FF426AE44F6D0102946C0F6B9
:1061BC0001004FF6FF73009006F14E008AF8122092
:1061CC00FAF722FA9DF81B209AF8130090423FF43C
:1061DC0018AE44F6D0102946C0F601004FF6FF73F6
:1061EC00009006F154008AF81320FAF70DFA1BB050
:1061FC00BDE8000FF0BD0AF0E8FED4D4F0B503AF53
:10620C002DE9000F81B082468068DAE90441A1EBE8
:10621C000409411C0CD0A0EB0408DAF80C00411C5A
:10622C003BD0A0EB04099AF82C00002869D176E049
:10623C00DAF800000CF052FB9FED5A0B53EC102BCC
:10624C000CF0F7FB054648460E460CF047FB0246A1
:10625C000B46284631460BF0A7FE05460E460CF0C1
:10626C00C0FB9FED520B80462846314653EC102B59
:10627C000CF024F89FED4F0B002808BF80462846F1
:10628C0053EC102B31460CF053F8002818BF4FF08C
:10629C00FF38DAF80C00411CC3D1DAF804000CF01A
:1062AC001DFB9FED400B53EC102B0CF0C2FB054675
:1062BC0048460E460CF012FB02460B462846314669
:1062CC000BF072FE05460C460CF08BFB9FED370B6A
:1062DC0081462846214653EC102B0BF0EFFF9FED27
:1062EC00350B002808BF8146284653EC102B21465D
:1062FC000CF01EF8002818BF4FF0FF399AF82C004C
:10630C0068B1B9EB08010AF1180098BFA8EB0901B4
:10631C0001B0BDE8000FBDE8F040FFF7D2BC43F27E
:10632C00242443F6683B00266925C0F60104C0F618
:10633C00010B0CE00646284640F229114FF6FF737C
:10634C00CDF800B0FAF760F90544042ED9D0A15766
:10635C00701CB1F1FF3FCAB2ECDC205CB31CE02A2C
:10636C0000F03F0102F01F0013D3E35CF02A03F0AE
:10637C003F0343EA811106F103030ED3E25C00F004
:10638C000700043602F03F0242EA811141EA8042E2
:10639C00D1E741EA80121E46CDE741EA00321E46A3
:1063AC00C9E700BF0000000000707C400000000046
:1063BC00000000000000E0FFFFFFEF41F0B503AF6D
:1063CC002DE9000F85B00246242543F2080944F656
:1063DC00F02802F28E3300F21C700024C4F2000587
:1063EC00C4F2010940F2C716C0F6010800910390EF
:1063FC0002F6E3000490CDE901320EE040F61840BD
:10640C004FF48041C4F2020040F2C7160160DDE98E
:10641C0001320134B44200F0DA80049933F814A04C
:10642C0032F8140011F804B0824502BF0398005DE5
:10643C008345EED0009904F1190001221023FAF7DC
:10644C00ECF94FEA1B10002102E001311029D5D0E4
:10645C002AFA01F22B68D207024608BF0BF00F0292
:10646C0038F812202E68F61A592E0BD82E68F61A08
:10647C00592E9EBF2E68F61A592E03D82E68F61A7E
:10648C005A2EEFD3D9F800309B070CD4D9F8003032
:10649C009B075CBFD9F800305FEA837303D4D9F84B
:1064AC0000309B07EED5130AC9F80430D9F8003038
:1064BC00DB070CD1D9F80030DB0704BFD9F800306A
:1064CC005FEAC37303D1D9F80030DB07EED0D9F8FB
:1064DC0000301B060CD5D9F800301B0644BFD9F888
:1064EC0000305FEA036303D5D9F800301B06EED405
:1064FC00D9F804302B682E68F61A592E0BD82E6852
:10650C00F61A592E9EBF2E68F61A592E03D82E68ED
:10651C00F61A5A2EEFD32B682E68F61A592E0BD872
:10652C002E68F61A592E9EBF2E68F61A592E03D8CD
:10653C002E68F61A5A2EEFD3D9F800309B070CD4DC
:10654C00D9F800309B075CBFD9F800305FEA837341
:10655C0003D4D9F800309B07EED5D2B2C9F8042089
:10656C00D9F80020D2070CD1D9F80020D20704BFEB
:10657C00D9F800205FEAC27203D1D9F80020D20703
:10658C00EED0D9F8002012060CD5D9F8002012064E
:10659C0044BFD9F800205FEA026203D5D9F8002085
:1065AC001206EED4D9F804202A682B689B1A592BB2
:1065BC009FBF2B689B1A592B2B689CBF9B1A592B7E
:1065CC003FF643AF2B689B1A5A2BEED33DE7104690
:1065DC00194640F28E320BF0E1FCDDE9030140F28A
:1065EC00C71205B0BDE8000FBDE8F0400BF0D6BCFB
:1065FC0080B56F4698B040F2200CA1F12003CEF686
:10660C00001C5F2B00912ED206AA169240F6A542D2
:10661C00059144F61C31C0F60102C0F6010104924A
:10662C0005AA12910CF17741039241F28B12119150
:10663C000121C0F6010210910021022302926A4648
:10664C000A914FF400311793089101A91393019209
:10665C00ADF83830ADF83030CDF82CC0ADF818307E
:10666C00159314911DE0012106AB1791139115910F
:10667C0041F28B11C0F6010116930291694601910A
:10668C0001A91491002144F614330A914FF40031FE
:10669C00C0F60103089102211293CDF82CC0ADF87D
:1066AC00181043F2482112AAC0F601010AF0B5F9FC
:1066BC00002804BF18B080BD0AF087FCF0B503AF0A
:1066CC002DE9000B814602F1190014461E461A46AC
:1066DC0001234FF00108FAF7A0F831198C4280F031
:1066EC005781BA68242343F208062046C4F20003FB
:1066FC00C4F2010608FA02F84FF0000C4FF0FF0E3E
:10670C00B4F5E47F38BF40F2C71003E001348C428B
:10671C0000F03E81844200F0458139F814501A682B
:10672C0015EA080F00F09A801D68AD1A592D0BD888
:10673C001D68AD1A592D9EBF1D68AD1A592D03D871
:10674C001D68AD1A5A2DEFD33268920709D43268FE
:10675C0092075CBF32685FEA827202D43268920799
:10676C00F2D5C6F804E03268D20709D13268D207F4
:10677C0004BF32685FEAC27202D13268D207F2D02B
:10678C003268120609D53268120644BF32685FEAD5
:10679C00026202D532681206F2D472681A681D6859
:1067AC00AD1A592D0BD81D68AD1A592D9EBF1D68F9
:1067BC00AD1A592D03D81D68AD1A5A2DEFD31A688E
:1067CC001D68AD1A592D0BD81D68AD1A592D9EBFD9
:1067DC001D68AD1A592D03D81D68AD1A5A2DEFD36B
:1067EC003268920709D4326892075CBF32685FEA5C
:1067FC00827202D432689207F2D5C6F804E032688D
:10680C00D20709D13268D20704BF32685FEAC2727C
:10681C0002D13268D207F2D03268120609D532683A
:10682C00120644BF32685FEA026202D53268120671
:10683C00F2D472681A681D68AD1A592D3FF666AF0E
:10684C001D68AD1A592D9EBF1D68AD1A592D3FF606
:10685C005DAF1D68AD1A5A2DEDD357E71D68AD1A03
:10686C00592D0BD81D68AD1A592D9EBF1D68AD1A38
:10687C00592D03D81D68AD1A5A2DEFD332689207E3
:10688C0009D4326892075CBF32685FEA827202D424
:10689C0032689207F2D5C6F804C03268D20709D123
:1068AC003268D20704BF32685FEAC27202D1326822
:1068BC00D207F2D03268120609D53268120644BFEC
:1068CC0032685FEA026202D532681206F2D472684C
:1068DC001A681D68AD1A592D0BD81D68AD1A592DA3
:1068EC009EBF1D68AD1A592D03D81D68AD1A5A2DBF
:1068FC00EFD31A681D68AD1A592D0BD81D68AD1A47
:10690C00592D9EBF1D68AD1A592D03D81D68AD1A9F
:10691C005A2DEFD33268920709D4326892075CBFC4
:10692C0032685FEA827202D432689207F2D5C6F8F6
:10693C0004C03268D20709D13268D20704BF32686A
:10694C005FEAC27202D13268D207F2D03268120604
:10695C0009D53268120644BF32685FEA026202D57A
:10696C0032681206F2D472681A681D68AD1A592D75
:10697C003FF6CCAE1D68AD1A592D9EBF1D68AD1AE1
:10698C00592D3FF6C3AE1D68AD1A5A2DEDD3BDE699
:10699C0040F618404FF48041C4F202000160BDE89B
:1069AC00000BF0BD40F2C71109F01FFCF0B503AFAE
:1069BC004DF8048D054601F119000C4651210122B8
:1069CC00D023F9F72AFFB4F5E37F00F27F8405EBBF
:1069DC004402242143F208030020C4F20001B2F85F
:1069EC008EC3C4F201034FF0FF084FF0000E03E01A
:1069FC00BEF1080F00F060844FEA4E0292B20EF125
:106A0C00010E2CFA02F202F00302DFE812F004008D
:106A1C001F03A600E00100220E681446122A18BFBC
:106A2C0001320D68AD1B592D0BD80D68AD1B592DBE
:106A3C009EBF0D68AD1B592D03D80D68AD1B5A2D8B
:106A4C00EFD31D68AD0709D41D68AD075CBF1D6889
:106A5C005FEA857502D41D68AD07F2D558601D68D4
:106A6C00ED0709D11D68ED0704BF1D685FEAC57508
:106A7C0002D11D68ED07F2D01D682D0609D51D68E1
:106A8C002D0644BF1D685FEA056502D51D682D06FD
:106A9C00F2D45D680E680D68AD1B592D0BD80D68CE
:106AAC00AD1B592D9EBF0D68AD1B592D03D80D681C
:106ABC00AD1B5A2DEFD30E680D68AD1B592D0BD89D
:106ACC000D68AD1B592D9EBF0D68AD1B592D03D8FC
:106ADC000D68AD1B5A2DEFD31D68AD0709D41D6889
:106AEC00AD075CBF1D685FEA857502D41D68AD07F4
:106AFC00F2D558601D68ED0709D11D68ED0704BF7C
:106B0C001D685FEAC57502D11D68ED07F2D01D68DE
:106B1C002D0609D51D682D0644BF1D685FEA056565
:106B2C0002D51D682D06F2D45D680E680D68AD1B8C
:106B3C00592D0BD80D68AD1B592D9EBF0D68AD1B83
:106B4C00592D03D80D68AD1B5A2DEFD3122C00F024
:106B5C00DE81122A7FF660AFD9E1002203E0013218
:106B6C00122A00F099800C680E68361B592E0BD82F
:106B7C000E68361B592E9EBF0E68361B592E03D835
:106B8C000E68361B5A2EEFD31C68A40709D41C6858
:106B9C00A4075CBF1C685FEA847402D41C68A40759
:106BAC00F2D558601C68E40709D11C68E40704BFDF
:106BBC001C685FEAC47402D11C68E407F2D01C683C
:106BCC00240609D51C68240644BF1C685FEA0464CB
:106BDC0002D51C682406F2D45C680C680E68361B5F
:106BEC00592E0BD80E68361B592E9EBF0E68361BBD
:106BFC00592E03D80E68361B5A2EEFD30C680E682C
:106C0C00361B592E0BD80E68361B592E9EBF0E689C
:106C1C00361B592E03D80E68361B5A2EEFD31C6820
:106C2C00A40709D41C68A4075CBF1C685FEA8474C1
:106C3C0002D41C68A407F2D558601C68E40709D17B
:106C4C001C68E40704BF1C685FEAC47402D11C68AA
:106C5C00E407F2D01C68240609D51C68240644BF3E
:106C6C001C685FEA046402D51C682406F2D45C68D4
:106C7C000C680E68361B592E3FF671AF0E68361B2A
:106C8C00592E9EBF0E68361B592E3FF668AF0E6804
:106C9C00361B5A2EEDD362E70A680C68A41A592CDD
:106CAC000BD80C68A41A592C9EBF0C68A41A592C2A
:106CBC0003D80C68A41A5A2CEFD31A68920709D47B
:106CCC001A6892075CBF1A685FEA827202D41A686B
:106CDC009207F2D5C3F804801A68D20709D11A6852
:106CEC00D20704BF1A685FEAC27202D11A68D207CF
:106CFC00F2D01A68120609D51A68120644BF1A682F
:106D0C005FEA026202D51A681206F2D45A680A685F
:106D1C000C68A41A592C0BD80C68A41A592C9EBFB9
:106D2C000C68A41A592C03D80C68A41A5A2CEFD34B
:106D3C000A680C68A41A592C0BD80C68A41A592C84
:106D4C009EBF0C68A41A592C03D80C68A41A5A2C90
:106D5C00EFD31A68920709D41A6892075CBF1A68B5
:106D6C005FEA827202D41A689207F2D5C3F80480E3
:106D7C001A68D20709D11A68D20704BF1A685FEAE9
:106D8C00C27202D11A68D207F2D01A68120609D55B
:106D9C001A68120644BF1A685FEA026202D51A68C2
:106DAC001206F2D45A680A680C68A41A592C00F21C
:106DBC00AE800C68A41A592C9EBF0C68A41A592CCE
:106DCC0000F2A5800C68A41A5A2CEDD39FE0002287
:106DDC000C680E68361B592E0BD80E68361B592EB4
:106DEC009EBF0E68361B592E03D80E68361B5A2EC2
:106DFC00EFD31C68A40709D41C68A4075CBF1C68EB
:106E0C005FEA847402D41C68A407F2D5C3F804802A
:106E1C001C68E40709D11C68E40704BF1C685FEA1E
:106E2C00C47402D11C68E407F2D01C68240609D58E
:106E3C001C68240644BF1C685FEA046402D51C6805
:106E4C002406F2D45C680C680E68361B592E0BD8DD
:106E5C000E68361B592E9EBF0E68361B592E03D852
:106E6C000E68361B5A2EEFD30C680E68361B592E43
:106E7C000BD80E68361B592E9EBF0E68361B592E2A
:106E8C0003D80E68361B5A2EEFD31C68A40709D4FE
:106E9C001C68A4075CBF1C685FEA847402D41C687D
:106EAC00A407F2D5C3F804801C68E40709D11C6858
:106EBC00E40704BF1C685FEAC47402D11C68E407D1
:106ECC00F2D01C68240609D51C68240644BF1C6833
:106EDC005FEA046402D51C682406F2D45C680C6872
:106EEC000E68361B592E0BD80E68361B592E9EBFBA
:106EFC000E68361B592E03D80E68361B5A2EEFD34C
:106F0C00122A18BF013202D0122A7FF661AF00227A
:106F1C0003E00132072A3FF46BAD0C680D682D1BA2
:106F2C00592D0BD80D682D1B592D9EBF0D682D1B8F
:106F3C00592D03D80D682D1B5A2DEFD31C68A407AF
:106F4C0009D41C68A4075CBF1C685FEA847402D473
:106F5C001C68A407F2D558601C68E40709D11C68AA
:106F6C00E40704BF1C685FEAC47402D11C68E40720
:106F7C00F2D01C68240609D51C68240644BF1C6882
:106F8C005FEA046402D51C682406F2D45C680C68C1
:106F9C000D682D1B592D0BD80D682D1B592D9EBF1F
:106FAC000D682D1B592D03D80D682D1B5A2DEFD3B1
:106FBC000C680D682D1B592D0BD80D682D1B592DE8
:106FCC009EBF0D682D1B592D03D80D682D1B5A2DF6
:106FDC00EFD31C68A40709D41C68A4075CBF1C6809
:106FEC005FEA847402D41C68A407F2D558601C684C
:106FFC00E40709D11C68E40704BF1C685FEAC47489
:10700C0002D11C68E407F2D01C68240609D51C6860
:10701C00240644BF1C685FEA046402D51C6824067D
:10702C00F2D45C680C680D682D1B592D3FF671AFBE
:10703C000D682D1B592D9EBF0D682D1B592D3FF62C
:10704C0068AF0D682D1B5A2DEDD362E70A680C68EA
:10705C00A41A592C0BD80C68A41A592C9EBF0C6876
:10706C00A41A592C03D80C68A41A5A2CEFD31A68FA
:10707C00920709D41A6892075CBF1A685FEA827299
:10708C0002D41A689207F2D5C3F804801A68D207A2
:10709C0009D11A68D20704BF1A685FEAC27202D11A
:1070AC001A68D207F2D01A68120609D51A681206A5
:1070BC0044BF1A685FEA026202D51A681206F2D45B
:1070CC005A680A680C68A41A592C0BD80C68A41AB4
:1070DC00592C9EBF0C68A41A592C03D80C68A41AFE
:1070EC005A2CEFD30A680C68A41A592C0BD80C68CC
:1070FC00A41A592C9EBF0C68A41A592C03D80C68DE
:10710C00A41A5A2CEFD31A68920709D41A6892075A
:10711C005CBF1A685FEA827202D41A689207F2D5D1
:10712C00C3F804801A68D20709D11A68D20704BFC1
:10713C001A685FEAC27202D11A68D207F2D01A68D2
:10714C00120609D51A68120644BF1A685FEA026271
:10715C0002D51A681206F2D45A680A680C68A41A86
:10716C00592C0BD80C68A41A592C9EBF0C68A41A65
:10717C00592C03D80C68A41A5A2CEFD3002203E024
:10718C000132122A3FF4C3AE0C680E68361B592E1E
:10719C000BD80E68361B592E9EBF0E68361B592E07
:1071AC0003D80E68361B5A2EEFD31C68A40709D4DB
:1071BC001C68A4075CBF1C685FEA847402D41C685A
:1071CC00A407F2D558601C68E40709D11C68E407D1
:1071DC0004BF1C685FEAC47402D11C68E407F2D0D7
:1071EC001C68240609D51C68240644BF1C685FEA89
:1071FC00046402D51C682406F2D45C680C680E6822
:10720C00361B592E0BD80E68361B592E9EBF0E6896
:10721C00361B592E03D80E68361B5A2EEFD30C682A
:10722C000E68361B592E0BD80E68361B592E9EBF76
:10723C000E68361B592E03D80E68361B5A2EEFD308
:10724C001C68A40709D41C68A4075CBF1C685FEA0F
:10725C00847402D41C68A407F2D558601C68E40737
:10726C0009D11C68E40704BF1C685FEAC47402D12E
:10727C001C68E407F2D01C68240609D51C68240697
:10728C0044BF1C685FEA046402D51C682406F2D46F
:10729C005C680C680E68361B592E9FBF0E68361B37
:1072AC00592E0E689CBF361B592E3FF669AF0E68DF
:1072BC00361B5A2EEED363E740F618404FF480414C
:1072CC00C4F2020001605DF8048BF0BD204640F270
:1072DC00C71108F08AFFF0B503AF2DE9000F85B098
:1072EC00242643F2080500F28E3B80464FF0000A3C
:1072FC005120C4F20006C4F2010540F2C71C07E09D
:10730C000298DDF804A01A30BAF1080F00F04081A1
:10731C0002904FEA4A010120002200FA01F90023F1
:10732C000024049106E0002B08BF224601330134EF
:10733C00644515D038F814003BF81410484010EA96
:10734C00090FF0D13BB10299049800904046FFF729
:10735C00B5F940F2C71C0023002201346445E9D181
:10736C00029C3BB10498214600904046FFF7A6F9D9
:10737C0040F2C71C0AF1010ACDF804A04FF0000A34
:10738C00601C03900DE040F618404FF48041C4F2AD
:10739C00020040F2C71C01600AF1010AE24500F04C
:1073AC00BF803BF81A00049A38F81A10D04000F04D
:1073BC000300D14001F003040338E11EB0FA80F061
:1073CC00B1FA81F1400949094140E5D003990AF12C
:1073DC001900012211234FF01109F9F71EFA0020B0
:1073EC00032C08BFFF2002E0B9F10109CBD03168B2
:1073FC003268521A592A0BD83268521A592A9EBF2F
:10740C003268521A592A03D83268521A5A2AEFD3C0
:10741C002968890709D4296889075CBF29685FEA4C
:10742C00817102D429688907F2D568602968C90777
:10743C0009D12968C90704BF29685FEAC17102D163
:10744C002968C907F2D02968090609D529680906EF
:10745C0044BF29685FEA016102D529680906F2D4A4
:10746C00696831683268521A592A0BD83268521A34
:10747C00592A9EBF3268521A592A03D83268521AB6
:10748C005A2AEFD331683268521A592A0BD832680B
:10749C00521A592A9EBF3268521A592A03D8326896
:1074AC00521A5A2AEFD32968890709D429688907FF
:1074BC005CBF29685FEA817102D429688907F2D51B
:1074CC0068602968C90709D12968C90704BF2968F8
:1074DC005FEAC17102D12968C907F2D0296809068F
:1074EC0009D52968090644BF29685FEA016102D5FC
:1074FC0029680906F2D4696831683268521A592A27
:10750C003FF672AF3268521A592A9EBF3268521A2D
:10751C00592A3FF669AF3268521A5A2AEDD363E7FB
:10752C000498002200234FF0000A40F001090120CA
:10753C0000FA09F402981230049007E0002B08BFFF
:10754C00524601330AF1010AE24515D038F81A0007
:10755C003BF81A1048402042F0D13BB10499404608
:10756C00CDF80090FFF7AAF840F2C71C00230022C8
:10757C000AF1010AE245E9D1002B3FF4C1AE0499AE
:10758C004046CDF80090FFF799F840F2C71CB7E6DB
:10759C005846414640F28E320AF000FD404640F219
:1075AC008E310BF033F905B0BDE8000FF0BD80B59E
:1075BC006F4600F003F8D4D4D4D4D4D4B0B502AF11
:1075CC00ADF5B93DE2B00AF0B8FB00F001040AF0E9
:1075DC00A7FB40F20000C2F200000178002948F03D
:1075EC00DF850DF14C0E0121002C0EF5FE4A0170C9
:1075FC0008BF0AF097FB49F2FF4541F20024002036
:10760C000DF14C0EC0F6BA25691CCDE90010C0F284
:10761C007A040EF5FE4021460122012309F01DFEDD
:10762C00DAF80000022808F0C185C00708F0CB8505
:10763C00DAF8040045F60172C0F64C12A0F1B771ED
:10764C00A1F55851914288F0C08541194EF22F3264
:10765C00C0F2BE02090AA1FB0213D90A012908D003
:10766C00022908D0002908F093854FF40071F0240A
:10767C0002E0002400E0802491FAA1F14AF2405982
:10768C00B1FA81F1C0F2AE2920FA01F101EB090344
:10769C00013B9B09A3FB0236F30A012B08D0022BFA
:1076AC000AD0002B08F0748504234FF4A05806E090
:1076BC0001234FF0000802E002234FF4805893FAA4
:1076CC00A3F3B3FA83F321FA03F609F10103B342EE
:1076DC0048F27E8544F67F23C0F25D53CD18ED0948
:1076EC00A5FB0225EA0A012A08D0022A0AD0002AA0
:1076FC0008F04E8504224FF4204B06E001224FF097
:10770C00000B02E002224FF4004B92FAA2F2B2FA02
:10771C0082F221FA02F59A1CAA42139548F2588576
:10772C00129641F2D83214AE42F63013324408921B
:10773C00F2180C920AEB030247F678650F920AEBEB
:10774C000502013810920AF11D020E9245F2C74251
:10775C00C009C0F21E122E44A0FB020243F6000523
:10776C00C4F20205D5F800040009920A60F31F1256
:10777C0042F4E060C5F80004286840F480302860CA
:10778C002868800309D4286880035CBF28685FEAF6
:10779C00803002D428688003F2D5286840F08070CD
:1077AC00286047F60120C0F6032081422FD3286CB5
:1077BC0040F0805028640AF0BDFA47F20400C4F28D
:1077CC00000050F8041C41F4803140F8041C01689E
:1077DC00C90309D40168C9035CBF01685FEAC13100
:1077EC0002D40168C903F2D550F8041C41F40031ED
:1077FC0040F8041C0168890309D4016889035CBF43
:10780C0001685FEA813102D401688903F2D51196CF
:10781C002868800109D4286880015CBF28685FEA69
:10782C00801002D428688001F2D5A8684FF6F04287
:10783C0020F40000A860D5F88C0020F47000C5F886
:10784C008C00A96848EA040040EA0B009143084305
:10785C00A86010200AF068FAA8680221012461F3DC
:10786C000100A860286B40F039002863686C40F474
:10787C008050686440F20C60C4F2472004600AF047
:10788C0059FA40F2002640F2000845F25550C4F275
:10789C004726F4600024C4F20208C5F2000040F64A
:1078AC001842F460C8F8000C45F25550C4F20202BC
:1078BC00C0F24000C2F8E80341F20800C4F2020032
:1078CC004FF0A061C0F8F81348F2FF0141F21843E1
:1078DC00116040F6FF01C4F20203016145F25551FB
:1078EC004FF6FF7B42F80C1C416040F2240A43F82F
:1078FC000C1CC4F2000AC3F8F4134FF0FF3142F829
:10790C0010BCC0F800B0C0F800B4C3F8F0B3286CD9
:10791C0040F0010028644FF08040012504604AF8D3
:10792C00204CCAF80440CAF808104AF8184C0168F0
:10793C0041F001010160C6F800540AF0FBF9356012
:10794C00052134600222C8F808B03546D8F8040086
:10795C00012620F02000C8F80400D8F8200061F3BC
:10796C001750C8F82000D8F8000062F38B20C8F834
:10797C000000D8F8040020F04000C8F80400D8F843
:10798C00200061F31B60C8F82000D8F8000062F3F7
:10799C000D30C8F80000D8F8040020F08000C8F8BA
:1079AC000400D8F8200061F31F70C8F82000D8F844
:1079BC00000062F38F30C8F8000040F20C68C4F28B
:1079CC004728C8F8A4620AF0B5F943F2080BC5F8C9
:1079DC00B062C4F2010BC5F8B0422BF8044C48F26B
:1079EC007F40139AC0F21E00824248F2D18348F6BF
:1079FC008050C0F25B0082424FF0000017D341F67A
:107A0C000030C0F2B700824201D208200FE043F2EE
:107A1C000060C0F26E10824201D2102007E046F6E0
:107A2C0000412020C0F2DC218A4238BF182040F4EB
:107A3C0041702BF8080C3BF8080C40F6184243F246
:107A4C00BF71C4F202020840072140302BF8080C29
:107A5C0052F8140C20F4807042F8140CD06861F3C6
:107A6C000300D06000220221C4F20202D2F8000C02
:107A7C0061F31140C2F8000CC8F83C620AF05AF9E4
:107A8C00C5F84862C5F848421299480BE02816D848
:107A9C00B1F5612FC8F0ED814FF4614000EB41006E
:107AAC004BF2C531C9F2A211A0FB0101702000EA12
:107ABC001140C1F3424101444AF20C000AE001F5C5
:107ACC0061404BF2C531C9F2A211A0FB010142F297
:107ADC000C00090C44F600030022C4F20003996068
:107AEC001A615A61D86047F622201A61C1F6FF70FC
:107AFC000088B0F5806F4FEA802E05D0B0F5006F8E
:107B0C000FD040B908F05FBB43F61441C4F2020138
:107B1C000968490005D470464FF0000E4FF0000C78
:107B2C0003E040024FF00C0C024601230025C0F28A
:107B3C001E03002603E0013581420E4610D24FF49D
:107B4C000034E9B2042908BF4FF4803438BF4FF435
:107B5C008044A1199E42EED2B1F5F01FEBD91CE086
:107B6C00724588F03083002004E0013071450A46EC
:107B7C0088F029834FF40034C1B2042908BF4FF4B4
:107B8C00803438BF4FF48044A1189A42EDD2B1F53D
:107B9C00F01FEAD900EB0C05164644F60001E8B2DA
:107BAC00C4F200010D9008680006FCD5492048601D
:107BBC0008680006FCD55420486008680006FCD50F
:107BCC005320486008680006FCD52D2048600868E2
:107BDC000006FCD54220486008680006FCD56F20E2
:107BEC00486008680006FCD56120486008680006FB
:107BFC00FCD57220486008680006FCD564204860FB
:107C0C0008680006FCD52020486008680006FCD5F2
:107C1C006920486008680006FCD56E20486008683A
:107C2C000006FCD56920486008680006FCD5742065
:107C3C00486008680006FCD56920486008680006A2
:107C4C00FCD56120486008680006FCD56C204860B3
:107C5C0008680006FCD56920486008680006FCD559
:107C6C007A20486008680006FCD5652048600868E2
:107C7C000006FCD56420486008680006FCD50A2084
:107C8C0048600868000609D4086800065CBF0868EC
:107C9C005FEA006002D408680006F2D50A2048604A
:107CAC0041F218414FF48050C4F202010860DAF836
:107CBC000000DAF80010091A49450ED2DAF8001063
:107CCC00091A49453EBFDAF80010091A494504D291
:107CDC00DAF80010091A4945EBD341F218414FF07C
:107CEC008050C4F202010860DAF80000DAF80010E3
:107CFC00091A49450ED2DAF80010091A49453EBF57
:107D0C00DAF80010091A494504D2DAF80010091AF9
:107D1C004945EBD341F218414FF48050C4F20201B3
:107D2C00CDE912460860DAF80000DAF80010091AFA
:107D3C0049450ED2DAF80010091A49453EBFDAF867
:107D4C000010091A494504D2DAF80010091A4945FD
:107D5C00EBD343F67C354FF0000E4FF08049C0F664
:107D6C0001054FF480444FF4005C002002E06728CA
:107D7C0080F0658141F218414FF00052C4F20201CB
:107D8C000A6040F61841C4F202012E5CC1F8009062
:107D9C00DAF800802918DAF80020A2EB0802592A38
:107DAC0011D8DAF80020A2EB0802592A9EBFDAF8A3
:107DBC000020A2EB0802592A05D8DAF80020A2EB21
:107DCC0008025A2AE7D3DBF8002092070CD4DBF820
:107DDC00002092075CBFDBF800205FEA827203D4BC
:107DEC00DBF800209207EED5CBF80460DBF800201E
:107DFC00D2070CD1DBF80020D20704BFDBF800203F
:107E0C005FEAC27203D1DBF80020D207EED0DBF8B8
:107E1C00002012060CD5DBF80020120644BFDBF85C
:107E2C0000205FEA026203D5DBF800201206EED4D4
:107E3C00DBF80420DAF80020DAF80060B61A592EC4
:107E4C000ED8DAF80060B61A592E9EBFDAF8006028
:107E5C00B61A592E04D8DAF80060B61A5A2EEBD39B
:107E6C0040F618426628C4F20202146008F0B98188
:107E7C004E78023056B97AE740F61841013EC4F20A
:107E8C00020101300C6031063FF471AF662808F234
:107E9C00848141F2184140F61842C4F20201C4F246
:107EAC000202C1F800C0295CC2F80090DAF8002088
:107EBC00DAF800309B1A592B0ED8DAF800309B1ADE
:107ECC00592B9EBFDAF800309B1A592B04D8DAF8DC
:107EDC0000309B1A5A2BEBD3DBF8002092070CD402
:107EEC00DBF8002092075CBFDBF800205FEA8272AF
:107EFC0003D4DBF800209207EED5CBF804E0DBF8D6
:107F0C000020D2070CD1DBF80020D20704BFDBF82D
:107F1C0000205FEAC27203D1DBF80020D207EED05A
:107F2C00DBF8002012060CD5DBF80020120644BF4B
:107F3C00DBF800205FEA026203D5DBF800201206B2
:107F4C00EED4DBF80420DAF80020DAF800309B1AC3
:107F5C00592B0ED8DAF800309B1A592B9EBFDAF841
:107F6C0000309B1A592B04D8DAF800309B1A5A2B84
:107F7C00EBD3DAF80020DAF800309B1A592B0ED824
:107F8C00DAF800309B1A592B9EBFDAF800309B1A96
:107F9C00592B04D8DAF800309B1A5A2BEBD3DBF8A8
:107FAC00002092070CD4DBF8002092075CBFDBF8B2
:107FBC0000205FEA827203D4DBF800209207EED532
:107FCC00CBF80410DBF80010C9070CD1DBF800105B
:107FDC00C90704BFDBF800105FEAC17103D1DBF8FD
:107FEC000010C907EED0DBF8001009060CD5DBF841
:107FFC000010090644BFDBF800105FEA016103D5ED
:10800C00DBF800100906EED4DBF80410DAF80010E7
:10801C00DAF80020521A592A3FF62EAFDAF800206F
:10802C00521A592A9EBFDAF80020521A592A3FF6E2
:10803C0023AFDAF80020521A5A2AE9D31CE741F28E
:10804C00184140F618434FF00050C4F2020108608A
:10805C004FF08040C4F202031860DAF80000DAF83E
:10806C000010091A59290ED8DAF80010091A5929E2
:10807C009EBFDAF80010091A592904D8DAF8001052
:10808C00091A5A29EBD30DF14C0E47F622280EF59E
:10809C00FE45C1F6FF78DBF8000080070CD4DBF856
:1080AC00000080075CBFDBF800005FEA807003D43F
:1080BC00DBF800008007EED5B620CBF80400DBF827
:1080CC000000C0070CD1DBF80000C00704BFDBF8D0
:1080DC0000005FEAC07003D1DBF80000C007EED0EF
:1080EC00DBF8000000060CD5DBF80000000644BFEE
:1080FC00DBF800005FEA006003D5DBF80000000647
:10810C00EED4DBF80400DAF80000DAF80010091AF3
:10811C0059290ED8DAF80010091A59299EBFDAF835
:10812C000010091A592904D8DAF80010091A5A292A
:10813C00EBD341F218414FF4804018604FF40050DB
:10814C00C4F2020108604FF080401860DAF80000B9
:10815C00DAF80010091A59290ED8DAF80010091AA1
:10816C0059299EBFDAF80010091A592904D8DAF8EF
:10817C000010091A5A29EBD3DBF8000080070CD445
:10818C00DBF8000080075CBFDBF800005FEA807062
:10819C0003D4DBF800008007EED50020CBF80400F8
:1081AC00DBF80000C0070CD1DBF80000C00704BFEF
:1081BC00DBF800005FEAC07003D1DBF80000C007F9
:1081CC00EED0DBF8000000060CD5DBF80000000652
:1081DC0044BFDBF800005FEA006003D5DBF8000069
:1081EC000006EED4DBF80400DAF80000DAF8001030
:1081FC00091A59290ED8DAF80010091A59299EBF04
:10820C00DAF80010091A592904D8DAF80010091AFA
:10821C005A29EBD3DAF80000DAF80010091A5929B8
:10822C000ED8DAF80010091A59299EBFDAF8001096
:10823C00091A592904D8DAF80010091A5A29EBD36B
:10824C00DBF8000080070CD4DBF8000080075CBF73
:10825C00DBF800005FEA807003D4DBF800008007D5
:10826C00EED50020CBF80400DBF80000C0070CD1E1
:10827C00DBF80000C00704BFDBF800005FEAC07049
:10828C0003D1DBF80000C007EED0DBF800000006DD
:10829C000CD5DBF80000000644BFDBF800005FEAF9
:1082AC00006003D5DBF800000006EED4DBF8040018
:1082BC00DAF80000DAF80010091A59290ED8DAF8A1
:1082CC000010091A59299EBFDAF80010091A592909
:1082DC0004D8DAF80010091A5A29EBD341F21841E4
:1082EC004FF4804018604FF40050C4F20201086053
:1082FC004FF080401860DAF80000DAF80010091A24
:10830C0059290ED8DAF80010091A59299EBFDAF843
:10831C000010091A592904D8DAF80010091A5A2938
:10832C00EBD3DBF8000080070CD4DBF800008007EF
:10833C005CBFDBF800005FEA807003D4DBF8000060
:10834C008007EED50020CBF80400DBF80000C00756
:10835C000CD1DBF80000C00704BFDBF800005FEABB
:10836C00C07003D1DBF80000C007EED0DBF80000D2
:10837C0000060CD5DBF80000000644BFDBF800005B
:10838C005FEA006003D5DBF800000006EED4DBF8F2
:10839C000400DAF80000DAF80010091A59290ED88E
:1083AC00DAF80010091A59299EBFDAF80010091AD8
:1083BC00592904D8DAF80010091A5A29EBD3DAF83B
:1083CC000000DAF80010091A59290ED8DAF8001052
:1083DC00091A59299EBFDAF80010091A592904D82C
:1083EC00DAF80010091A5A29EBD3DBF800008007E1
:1083FC000CD4DBF8000080075CBFDBF800005FEA00
:10840C00807003D4DBF800008007EED56220CBF837
:10841C000400DBF80000C0070CD1DBF80000C0073B
:10842C0004BFDBF800005FEAC07003D1DBF800008A
:10843C00C007EED0DBF8000000060CD5DBF800001E
:10844C00000644BFDBF800005FEA006003D5DBF8F0
:10845C0000000006EED4DBF80400DAF80000DAF8CD
:10846C000010091A59290ED8DAF80010091A5929DE
:10847C009EBFDAF80010091A592904D8DAF800104E
:10848C00091A5A29EBD341F218414FF48040186075
:10849C004FF00050C4F2020108604FF080401860A9
:1084AC00DAF80000DAF80010091A59290ED8DAF8AF
:1084BC000010091A59299EBFDAF80010091A592917
:1084CC0004D8DAF80010091A5A29EBD3DBF80000AB
:1084DC0080070CD4DBF8000080075CBFDBF80000E1
:1084EC005FEA807003D4DBF800008007EED53620FD
:1084FC00CBF80400DBF80000C0070CD1DBF800005F
:10850C00C00704BFDBF800005FEAC07003D1DBF8E2
:10851C000000C007EED0DBF8000000060CD5DBF83D
:10852C000000000644BFDBF800005FEA006003D5E2
:10853C00DBF800000006EED4DBF80400DAF80000EB
:10854C00DAF80010091A59290ED8DAF80010091AAD
:10855C0059299EBFDAF80010091A592904D8DAF8FB
:10856C000010091A5A29EBD341F218414FF48040FC
:10857C0018604FF40050C4F2020108604FF08040C4
:10858C001860DAF80000DAF80010091A59290ED828
:10859C00DAF80010091A59299EBFDAF80010091AE6
:1085AC00592904D8DAF80010091A5A29EBD3DBF848
:1085BC00000080070CD4DBF8000080075CBFDBF800
:1085CC0000005FEA807003D4DBF800008007EED572
:1085DC000020CBF80400DBF80000C0070CD1DBF85E
:1085EC000000C00704BFDBF800005FEAC07003D1D5
:1085FC00DBF80000C007EED0DBF8000000060CD55D
:10860C00DBF80000000644BFDBF800005FEA006006
:10861C0003D5DBF800000006EED4DBF80400DAF832
:10862C000000DAF80010091A59290ED8DAF80010EF
:10863C00091A59299EBFDAF80010091A592904D8C9
:10864C00DAF80010091A5A29EBD3DAF80000DAF834
:10865C000010091A59290ED8DAF80010091A5929EC
:10866C009EBFDAF80010091A592904D8DAF800105C
:10867C00091A5A29EBD3DBF8000080070CD4DBF87D
:10868C00000080075CBFDBF800005FEA807003D459
:10869C00DBF800008007EED52820CBF80400DBF8CF
:1086AC000000C0070CD1DBF80000C00704BFDBF8EA
:1086BC0000005FEAC07003D1DBF80000C007EED009
:1086CC00DBF8000000060CD5DBF80000000644BF08
:1086DC00DBF800005FEA006003D5DBF80000000661
:1086EC00EED4DBF80400DAF80000DAF80010091A0E
:1086FC0059290ED8DAF80010091A59299EBFDAF850
:10870C000010091A592904D8DAF80010091A5A2944
:10871C00EBD34FF480404AF680011860C0F212117E
:10872C00DAF80000DAF80020121A8A420ED2DAF8CF
:10873C000020121A8A423EBFDAF80020121A8A422E
:10874C0004D2DAF80020121A8A42EBD341F2184113
:10875C004FF00050C4F2020108604FF080401860E6
:10876C00DAF80000DAF80010091A59290ED8DAF8EC
:10877C000010091A59299EBFDAF80010091A592954
:10878C0004D8DAF80010091A5A29EBD3DBF80000E8
:10879C0080070CD4DBF8000080075CBFDBF800001E
:1087AC005FEA807003D4DBF800008007EED511205F
:1087BC00CBF80400DBF80000C0070CD1DBF800009C
:1087CC00C00704BFDBF800005FEAC07003D1DBF820
:1087DC000000C007EED0DBF8000000060CD5DBF87B
:1087EC000000000644BFDBF800005FEA006003D520
:1087FC00DBF800000006EED4DBF80400DAF8000029
:10880C00DAF80010091A59290ED8DAF80010091AEA
:10881C0059299EBFDAF80010091A592904D8DAF838
:10882C000010091A5A29EBD34FF480404CF68031D2
:10883C001860C0F2A401DAF80000DAF80020121A6D
:10884C008A420ED2DAF80020121A8A423EBFDAF8B7
:10885C000020121A8A4204D2DAF80020121A8A4234
:10886C00EBD341F218414FF00050C4F20201086002
:10887C004FF080401860DAF80000DAF80010091A9E
:10888C0059290ED8DAF80010091A59299EBFDAF8BE
:10889C000010091A592904D8DAF80010091A5A29B3
:1088AC00EBD3DBF8000080070CD4DBF8000080076A
:1088BC005CBFDBF800005FEA807003D4DBF80000DB
:1088CC008007EED52920CBF80400DBF80000C007A8
:1088DC000CD1DBF80000C00704BFDBF800005FEA36
:1088EC00C07003D1DBF80000C007EED0DBF800004D
:1088FC0000060CD5DBF80000000644BFDBF80000D6
:10890C005FEA006003D5DBF800000006EED4DBF86C
:10891C000400DAF80000DAF80010091A59290ED808
:10892C00DAF80010091A59299EBFDAF80010091A52
:10893C00592904D8DAF80010091A5A29EBD34FF444
:10894C00804000241860002000214FF4F0724FF496
:10895C00A0730094F8F76BFE4FF6FF7600201E21F3
:10896C004FF4F07201230096F8F761FE002040F2FC
:10897C0021114FF4F07201230096F8F758FEC5E967
:10898C000044C5E902442C61B8F800201398910208
:10899C00B0EB822F07F2FF83091A132947F21B84CD
:1089AC0000F100640DF14C0E0EF5FE401422214630
:1089BC0009F0F4FAB8F8002013989102B0EB822F6A
:1089CC0007F2E983091A1B2947F208840DF5E04EDA
:1089DC006369A6699EF94C1FCDE90A6301F07F001B
:1089EC00B1F1FF3F0EDD0DF14C0E01230EF5FE41F2
:1089FC000DF14C0E4E1C0EF5FE4C4FF002080428E7
:108A0C005AD9C7E10DF5E04E9EF94D1F0DF14C0EF4
:108A1C000EF5FE4C01F07F02B1F1FF3F40EAC210AF
:108A2C000ADD0DF14C0E02230EF5FE418E1C4FF0AB
:108A3C000208042840D9ADE10DF5E04E9EF94E1F19
:108A4C0001F07F02B1F1FF3F40EA82300ADD0DF107
:108A5C004C0E03230EF5FE41CE1C4FF002080428E9
:108A6C002AD997E10DF5E04E9EF94F1F01F07F02D8
:108A7C00B1F1FF3F40EA42500ADD0DF14C0E0423E8
:108A8C000EF5FE410E1D4FF00208042814D981E1A9
:108A9C000DF5E04E9EF8501F0F2907F29A820DF14A
:108AAC004C0E40EA01700EF5FE420523561D4FF0A8
:108ABC000208042800F26E81864602460546DFE86D
:108ACC0010F000020500D0006A01CE011CF9031061
:108ADC00581C01F07F05B1F1FF3F28DC1CF9001098
:108AEC0001F07F00B1F1FF3F45EAC01503F1020030
:108AFC001DDC1CF9001001F07F00B1F1FF3F45EACD
:108B0C00803503F1030012DC1CF9001001F07F002A
:108B1C00B1F1FF3F45EA405503F1040007DC1CF8B6
:108B2C0000000F2800F2368145EA0075581D1CF92B
:108B3C000020411C02F07F06B2F1FF3F28DC1CF93B
:108B4C00012002F07F01B2F1FF3F46EAC11600F1AD
:108B5C0002011DDC1CF9012002F07F01B2F1FF3F84
:108B6C0046EA813600F1030112DC1CF9012002F007
:108B7C007F01B2F1FF3F46EA415600F1040107DCE8
:108B8C001CF801100F2900F2058146EA0176411DFF
:108B9C001CF90130481C03F07F02B3F1FF3F28DCC5
:108BAC001CF9003003F07F00B3F1FF3F42EAC01222
:108BBC0001F102001DDC1CF9003003F07F00B3F161
:108BCC00FF3F42EA803201F1030012DC1CF9003055
:108BDC0003F07F00B3F1FF3F42EA405201F1040081
:108BEC0007DC1CF800000F2800F2D48042EA007267
:108BFC00481D042A00F2CE80142800F0CB80049685
:108C0C00431C1CF9006006F07F0EB6F1FF3F47F3E2
:108C1C009481BEF1020F00F2BD80142B069500F07A
:108C2C005A811CF903505E1C05F07F00B5F1FF3F23
:108C3C0047F3DB81022800F2AD80142E00F04B814B
:108C4C001CF90630069CB3F1FF3F03F07F01039142
:108C5C0047F35782210A053205914FF0030800258E
:108C6C002FE11CF90310581C01F07F04B1F1FF3FF8
:108C7C0027DC1CF9001001F07F00B1F1FF3F44EA42
:108C8C00C01403F102001CDC1CF9001001F07F0081
:108C9C00B1F1FF3F44EA803403F1030011DC1CF90D
:108CAC00001001F07F00B1F1FF3F44EA405403F1A2
:108CBC00040006DC1CF800000F286BD844EA007492
:108CCC00581D1CF90010421C01F07F05B1F1FF3F4B
:108CDC0027DC1CF9021001F07F02B1F1FF3F45EADD
:108CEC00C21500F102021CDC1CF9021001F07F021B
:108CFC00B1F1FF3F45EA823500F1030211DC1CF9AA
:108D0C00021001F07F02B1F1FF3F45EA425500F13C
:108D1C00040206DC1CF802100F293BD845EA017549
:108D2C00421D1CF90200511C00F07F06B0F1FF3F00
:108D3C0021DC1CF9010000F07F01B0F1FF3F46EA95
:108D4C00C11602F1020116DC1CF9010000F07F01D2
:108D5C00B0F1FF3F46EA813602F103010BDC1CF94E
:108D6C00010000F07F01B0F1FF3F46EA415602F1ED
:108D7C00040147F3B5811CF90130481C03F07F0254
:108D8C00B3F1FF3F47F3778014281CBF411C142913
:108D9C0047F0B3809FE01CF90310581C01F07F06CC
:108DAC00B1F1FF3F27DC1CF9001001F07F00B1F19D
:108DBC00FF3F46EAC01603F102001CDC1CF9001050
:108DCC0001F07F00B1F1FF3F46EA803603F103006A
:108DDC0011DC1CF9001001F07F00B1F1FF3F46EAF5
:108DEC00405603F1040006DC1CF800000F28D1D813
:108DFC0046EA0076581D1CF9001001F07F03B1F112
:108E0C00FF3F20DC604490F9011001F07F02B1F1CA
:108E1C00FF3F43EAC21316DC90F9021001F07F0207
:108E2C00B1F1FF3F43EA82330DDC90F9031001F0FE
:108E3C007F02B1F1FF3F43EA425304DC0079102872
:108E4C00A8D243EA0073300A049305904FF005084A
:108E5C00069600204FF0000E0022002531E01CF990
:108E6C00030000F07F02B0F1FF3F20DC96F9010017
:108E7C0000F07F01B0F1FF3F42EAC11217DC96F916
:108E8C00020000F07F01B0F1FF3F42EA81320EDCBC
:108E9C0096F9030000F07F01B0F1FF3F42EA415226
:108EAC0005DC30791028BFF475AF42EA0072100A65
:108EBC00069205904FF0060800204FF0000E00229D
:108ECC000025C0B24FEA0E2145EA004089B20843A2
:108EDC00D1B2084307900DF1480E4FF60C610EF518
:108EEC007E424FF47A70CFF6FF710023CDF82480C8
:108EFC00561801F5FA711938C6E9F83386F8D433E7
:108F0C00C6E9F33386F8C033C6E9EE3386F8AC33E2
:108F1C00C6E9E93386F89833C6E9E43386F8843336
:108F2C00C6E9DF3386F87033C6E9DA3386F85C338A
:108F3C00C6E9D53386F84833C6E9D03386F83433DE
:108F4C00C6E9CB3386F82033C6E9C63386F80C3332
:108F5C00C6E9C13386F8F832C6E9BC3386F8E43288
:108F6C00C6E9B73386F8D032C6E9B23386F8BC32DC
:108F7C00C6E9AD3386F8A832C6E9A83386F8943230
:108F8C00C6E9A33386F88032C6E99E3386F86C3284
:108F9C00C6E9993386F85832C6E9943386F84432D8
:108FAC00C6E98F3386F83032C6E98A3386F81C322C
:108FBC00C6E9853386F80832C6E9803386F8F43181
:108FCC0096D10DF1D80E40F2C7110EF5B43404F65B
:108FDC00E30009F01BFC0DF1680E40F28E310EF52A
:108FEC00A63505F28E3009F011FC204640F6E3015F
:108FFC0009F0A0FC0DF5C27E21460EF5A93640F60F
:10900C00AA22304608F09CFE06F6AA20214640F61D
:10901C00AA2208F0C3FF0DF14C0E47F6E4600EF5E2
:10902C00FE44002647F6986126502044C0E90166AC
:10903C006018665040F28E31C0E90166284609F08E
:10904C0079FC0DF14C0E44F24C210EF5FE49DDF885
:10905C0040800B9B4FF0010C082044F26042C9F891
:10906C002030C0F601010A9B0625C9E90B0C04F15E
:10907C004C00C0F60102C9E9093141F2903188F87F
:10908C008060C9E91066C9F84860C9E90D62C9F881
:10909C003C50C9E90066C9E9026609F04BFC43F291
:1090AC0058000DF1480E20440EF57E4144F6206226
:1090BC0008F046FE05990DF5C27EA8F8051041F2A0
:1090CC005452C8F80060080C0EF5A93188F8070056
:1090DC00099888F81500029888F814000498C8F8C4
:1090EC0008000398C8F80C000798C8F810000698F8
:1090FC0088F8040041F2DC30204408F021FE0E997F
:10910C0001200DF5E04E78220E23A025887040F248
:10911C000110088047F280400F99C1F6D22088F8E0
:10912C004860C8E90C53C1E900604FF0FF30C8E952
:10913C0010000620C8F81C0003208EF8680F0DF1F3
:10914C00680E1398C9F8100012988E600521C9F8A2
:10915C0014000D98C8E90E214FF49171C9F818004C
:10916C0042F63C10C8F8181020440EF5A63140F217
:10917C001C7288F82C6008F0E3FD47F6C460872168
:10918C00265020444FF4F072C0E901661E23C0E95A
:10919C000366466140F22910C8E9191000204FF40B
:1091AC00917188F87C6088F878600096F8F73FFA3F
:1091BC004FF6FF7440F2C1104FF4917101221E233F
:1091CC000094F8F734FA4FF4D1704FF491710122F6
:1091DC001E230094F8F72BFA40F283104FF4917190
:1091EC0001221E230094F8F722FA4FF4B2704FF4C8
:1091FC00917101221E230094F8F719FA40F24510E0
:10920C004FF4917101221E230094F8F710FA4FF4D9
:10921C0093704FF4917101221E230094F8F707FA12
:10922C0040F207104FF4917101221E230094F8F7BD
:10923C00FEF9E8204FF4917101221E230094F8F7F7
:10924C00F6F9D9F82840217811B1EF20F8F7BCFBDA
:10925C00617840F61848C4F2020800291CBF4FF48C
:10926C008770F8F7B1FBA178119E00291CBF40F262
:10927C002D10F8F7A9FBE17800291CBF4FF4A6705C
:10928C00F8F7A2FB217900291CBF40F26B10F8F70C
:10929C009BFB617900291CBF4FF4C570F8F794FB58
:1092AC00A17900291CBF40F2A910F8F78DFBE179D8
:1092BC0000291CBF4FF4E470F8F786FB0DF14C0E3F
:1092CC000EF5FE442046FBF70DFC14AD214647F687
:1092DC00FC62284608F034FD00224FF6FF71C4F200
:1092EC0002020DF14C0ED2F8000C4FF000099FED6C
:1092FC00BF8B23468843C2F8000CD8F8E80345F628
:10930C008F729FEDBC9BB4469FEDBCABC0F20102CB
:10931C006FF30F00C8F8E80347F6DC609FEDB9BBAC
:10932C002844099042F63C10042428440B9047F63C
:10933C007C602844059043F258002844049005F1C1
:10934C001C000A9005F57F600D9005F150001090FF
:10935C0006F14C000E900EF5FE40C0E90099C0E9F4
:10936C000299C0E90499C0E90699002004E045F689
:10937C008F721298C0F20102DAF80060311A914231
:10938C000AD8DAF80060311A91429EBFDAF8006010
:10939C00311A914246F2638541F218401296C4F29A
:1093AC0002004FF0000850F8080CC6B2139607E004
:1093BC0080B1322080E108F10108B8F1080FD6D055
:1093CC0053F8280026FA08F1C907F1D00028F2D08A
:1093DC00013871E11F9988F00700884286F04785B3
:1093EC001E99095C9CF88000DFE810F007008602EB
:1093FC005501500210018F02A1029CF87C0000283C
:10940C0000F0BB820B2940F0CB8344F24C2114A812
:10941C00C0F601016446F8F78AFC0998002584F827
:10942C007C50FCF74DFA69240BE040F618400135EE
:10943C000834032DC4F202004FF48041016000F0A7
:10944C00A283204640F2291108221023F7F7E5F9F0
:10945C00802001E00138E8D0DAF80010DAF80020BA
:10946C00521A592A0ED8DAF80020521A592A9EBFDD
:10947C00DAF80020521A592A04D8DAF80020521AC5
:10948C005A2AEBD3DBF8001089070CD4DBF8001058
:10949C0089075CBFDBF800105FEA817103D4DBF84D
:1094AC0000108907EED5CBF80490DBF80010C90743
:1094BC000CD1DBF80010C90704BFDBF800105FEA21
:1094CC00C17103D1DBF80010C907EED0DBF8001036
:1094DC0009060CD5DBF80010090644BFDBF80010B8
:1094EC005FEA016103D5DBF800100906EED4DBF866
:1094FC000410DAF80010DAF80020521A592A0ED8A3
:10950C00DAF80020521A592A9EBFDAF80020521AB3
:10951C00592A04D8DAF80020521A5A2AEBD3DAF86E
:10952C000010DAF80020521A592A0ED8DAF8002066
:10953C00521A592A9EBFDAF80020521A592A04D816
:10954C00DAF80020521A5A2AEBD3DBF800108907FC
:10955C000CD4DBF8001089075CBFDBF800105FEA65
:10956C00817103D4DBF800108907EED5CBF8049099
:10957C00DBF80010C9070CD1DBF80010C90704BFD9
:10958C00DBF800105FEAC17103D1DBF80010C907EA
:10959C00EED0DBF8001009060CD5DBF8001009063C
:1095AC0044BFDBF800105FEA016103D5DBF8001063
:1095BC000906EED4DBF80410DAF80010DAF8002013
:1095CC00521A592A3FF646AFDAF80020521A592A95
:1095DC009EBFDAF80020521A592A3FF63BAFDAF850
:1095EC000020521A5A2AE9D334E700BF00000000C9
:1095FC0000707C4000000000000000000000E0FF54
:10960C00FFFFEF410000000000607C400C2940F09F
:10961C00A7819DF8754015AD05F57E469DF8701037
:10962C009DF87100002C9DF872209DF873309DF808
:10963C0074E046E9039946F8049CC6F8009018BFFC
:10964C0001240F2806F2738412AD05F57E452E5CBD
:10965C00D6B901260F292E5406F268846E5C9EB989
:10966C00AC4601250F2A0CF8015006F2B6841CF802
:10967C0002604EB9102B0CF8025086F02D851CF8A8
:10968C000360012E45F02A87FAF73CF83220DDF80A
:10969C0044C000F0F7BB013932200A290CD8DFE8AE
:1096AC0011F00E00FC020B000B000B000B000B006A
:1096BC000B000B00DA032E0143F828007BE62598FB
:1096CC00002804F03581461E0528259686F0328444
:1096DC0000EBC00529206422012300EB85010A2040
:1096EC006424F7F79AF840F61842A8000F90C4F2D9
:1096FC00020202E0013C00F0CD83DAF80000DAF857
:10970C000010091A59290ED8DAF80010091A59292B
:10971C009EBFDAF80010091A592904D8DAF800109B
:10972C00091A5A29EBD3DBF8000080070CD4DBF8BC
:10973C00000080075CBFDBF800005FEA807003D498
:10974C00DBF800008007EED5CBF80490DBF80000C6
:10975C00C0070CD1DBF80000C00704BFDBF8000029
:10976C005FEAC07003D1DBF80000C007EED0DBF875
:10977C00000000060CD5DBF80000000644BFDBF847
:10978C0000005FEA006003D5DBF800000006EED4B1
:10979C00DBF80400DAF80000DAF80010091A59298D
:1097AC000ED8DAF80010091A59299EBFDAF8001001
:1097BC00091A592904D8DAF80010091A5A29EBD3D6
:1097CC00DAF80000DAF80010091A59290ED8DAF87C
:1097DC000010091A59299EBFDAF80010091A5929E4
:1097EC0004D8DAF80010091A5A29EBD3DBF8000078
:1097FC0080070CD4DBF8000080075CBFDBF80000AE
:10980C005FEA807003D4DBF800008007EED5CBF85C
:10981C000490DBF80000C0070CD1DBF80000C00797
:10982C0004BFDBF800005FEAC07003D1DBF8000076
:10983C00C007EED0DBF8000000060CD5DBF800000A
:10984C00000644BFDBF800005FEA006003D5DBF8DC
:10985C0000000006EED4DBF80400DAF80000DAF8B9
:10986C000010091A59293FF645AFDAF80010091A09
:10987C0059299EBFDAF80010091A59293FF63AAF58
:10988C00DAF80010091A5A29E9D333E70C295BD10D
:10989C009DF8751040F209569DF87420C0F20676BA
:1098AC008D1E9DF87330B5FA85F59DF8720001296F
:1098BC00A3F101034FEA551518BF6900951E012A43
:1098CC00B5FA85F5DBB24FEA551518BF6A00DD0015
:1098DC00042B4FF0080338BF26FA05F30B2886F04B
:1098EC0009839DF870509DF87140AC4240F0AD81F9
:1098FC00F9F708FF06F028B90A297FF45AAD14A825
:10990C0000216446F8F790FA22E065460C2940F0F5
:10991C0036810DF5704E06219DF870008EF8591E9B
:10992C000DF1540E0EF57E4141F80C0C7DE10C2925
:10993C000AD19DF8700065469DF87110884240F080
:10994C006981F9F7DFFE77E114A86446F8F7EEFFBA
:10995C00139EA4460DF14C0E04240EF5FE4328E58F
:10996C0014A86446F8F7E2FF0DF14C0EA44604244B
:10997C000EF5FE433220139E9EE6033932200C294D
:10998C003FF69AAEDFE811F00E000D000D000D0051
:10999C000D00152A482B592B0D000D00BB2B062A48
:1099AC00172B89E601220C988CF87C207122CCF8BC
:1099BC004C2040F25312D0E90001D023CCF85020B7
:1099CC004FF0FF32CCE917018A20CCE91522512146
:1099DC000122D024F6F721FF40F618451F2304225C
:1099EC00C4F2020502E0013C05F0FC81DAF800004B
:1099FC00DAF80010091A59290ED8DAF80010091AE9
:109A0C0059299EBFDAF80010091A592904D8DAF836
:109A1C000010091A5A29EBD3DBF8000080070CD48C
:109A2C00DBF8000080075CBFDBF800005FEA8070A9
:109A3C0003D4DBF800008007EED5CBF80420DBF86C
:109A4C000000C0070CD1DBF80000C00704BFDBF836
:109A5C0000005FEAC07003D1DBF80000C007EED055
:109A6C00DBF8000000060CD5DBF80000000644BF54
:109A7C00DBF800005FEA006003D5DBF800000006AD
:109A8C00EED4DBF80400DAF80000DAF80010091A5A
:109A9C0059290ED8DAF80010091A59299EBFDAF89C
:109AAC000010091A592904D8DAF80010091A5A2991
:109ABC00EBD3DAF80000DAF80010091A59290ED89D
:109ACC00DAF80010091A59299EBFDAF80010091AA1
:109ADC00592904D8DAF80010091A5A29EBD3DBF803
:109AEC00000080070CD4DBF8000080075CBFDBF8BB
:109AFC0000005FEA807003D4DBF800008007EED52D
:109B0C00CBF80430DBF80000C0070CD1DBF8000008
:109B1C00C00704BFDBF800005FEAC07003D1DBF8BC
:109B2C000000C007EED0DBF8000000060CD5DBF817
:109B3C000000000644BFDBF800005FEA006003D5BC
:109B4C00DBF800000006EED4DBF80400DAF80000C5
:109B5C00DAF80010091A59293FF645AFDAF8001067
:109B6C00091A59299EBFDAF80010091A59293FF62B
:109B7C003AAFDAF80010091A5A29E9D333E714A8D6
:109B8C00F8F7D4FE58E0119E0B9DF46C2846214644
:109B9C00FCF70CFF316D8C4240F06E81B44670E1E5
:109BAC000E98D0E900E2081F0B281446764605F201
:109BBC00008614467646DFE810F00C00CC2A4E2BBB
:109BCC005B2B692CC72AFC2DFC2DFC2DFC2DFC2DB0
:109BDC00F42ADCF854100F92481C05F05B850898A9
:109BEC000068421E05F1918500250023501900EBF9
:109BFC00D0704010C4087C2C06F2C682109C54F81D
:109C0C0020408C423ABF0346451C421E9542EDDD76
:109C1C0005F07CBD0DF5704E05228EF8592E0DF118
:109C2C00540E0EF57E4242E903010DF1480E14A8C4
:109C3C000EF57E41F8F748FF0DF14C0E32200EF573
:109C4C00FE430424AC46139E36E50DF5704E0326F8
:109C5C008EF8596E0DF5704E8EF8561E0DF5704E31
:109C6C0044F2F8118EF8552E0DF5704EC0F6010128
:109C7C008EF8543E0DF1540E51F820000EF57E4135
:109C8C000DF1480E41F8040C14A841E903540EF5EB
:109C9C007E41F8F719FF05F057BF2598042841F0CD
:109CAC0085820A20B92164220123CDF89490642482
:109CBC00F6F7B3FD40F61845C4F2020502E0013C8C
:109CCC0001F05783DAF80000DAF80010091A592964
:109CDC000ED8DAF80010091A59299EBFDAF80010CC
:109CEC00091A592904D8DAF80010091A5A29EBD3A1
:109CFC00DBF8000080070CD4DBF8000080075CBFA9
:109D0C00DBF800005FEA807003D4DBF8000080070A
:109D1C00EED5CBF80490DBF80000C0070CD1DBF8D3
:109D2C000000C00704BFDBF800005FEAC07003D17D
:109D3C00DBF80000C007EED0DBF8000000060CD505
:109D4C00DBF80000000644BFDBF800005FEA0060AF
:109D5C0003D5DBF800000006EED4DBF80400DAF8DB
:109D6C000000DAF80010091A59290ED8DAF8001098
:109D7C00091A59299EBFDAF80010091A592904D872
:109D8C00DAF80010091A5A29EBD3DAF80000DAF8DD
:109D9C000010091A59290ED8DAF80010091A592995
:109DAC009EBFDAF80010091A592904D8DAF8001005
:109DBC00091A5A29EBD3DBF8000080070CD4DBF826
:109DCC00000080075CBFDBF800005FEA807003D402
:109DDC00DBF800008007EED5CBF80490DBF8000030
:109DEC00C0070CD1DBF80000C00704BFDBF8000093
:109DFC005FEAC07003D1DBF80000C007EED0DBF8DF
:109E0C00000000060CD5DBF80000000644BFDBF8B0
:109E1C0000005FEA006003D5DBF800000006EED41A
:109E2C00DBF80400DAF80000DAF80010091A5929F6
:109E3C003FF645AFDAF80010091A59299EBFDAF837
:109E4C000010091A59293FF63AAFDAF80010091A2E
:109E5C005A29E9D333E7259804283FF6AAAA654680
:109E6C00DFE810F005006C2960296629592914A82F
:109E7C000321F7F7D9FFDFE62846FCF797FDDDF85D
:109E8C0044C032200DF14C0E04240EF5FE43139EFB
:109E9C00FFF712BC4FF480401823106001220F987A
:109EAC00182500F12A040A202146F6F7B6FC02E038
:109EBC00013D00F0C980DAF80000DAF80010091A48
:109ECC0059290ED8DAF80010091A59299EBFDAF868
:109EDC000010091A592904D8DAF80010091A5A295D
:109EEC00EBD3DBF8000080070CD4DBF80000800714
:109EFC005CBFDBF800005FEA807003D4DBF8000085
:109F0C008007EED5CBF80490DBF80000C0070CD12D
:109F1C00DBF80000C00704BFDBF800005FEAC0708C
:109F2C0003D1DBF80000C007EED0DBF80000000620
:109F3C000CD5DBF80000000644BFDBF800005FEA3C
:109F4C00006003D5DBF800000006EED4DBF804005B
:109F5C00DAF80000DAF80010091A59290ED8DAF8E4
:109F6C000010091A59299EBFDAF80010091A59294C
:109F7C0004D8DAF80010091A5A29EBD3DAF80000E1
:109F8C00DAF80010091A59290ED8DAF80010091A53
:109F9C0059299EBFDAF80010091A592904D8DAF8A1
:109FAC000010091A5A29EBD3DBF8000080070CD4F7
:109FBC00DBF8000080075CBFDBF800005FEA807014
:109FCC0003D4DBF800008007EED5CBF80490DBF867
:109FDC000000C0070CD1DBF80000C00704BFDBF8A1
:109FEC0000005FEAC07003D1DBF80000C007EED0C0
:109FFC00DBF8000000060CD5DBF80000000644BFBF
:10A00C00DBF800005FEA006003D5DBF80000000617
:10A01C00EED4DBF80400DAF80000DAF80010091AC4
:10A02C0059293FF645AFDAF80010091A59299EBF95
:10A03C00DAF80010091A59293FF63AAFDAF800108D
:10A04C00091A5A29E9D333E740F618404FF48041F6
:10A05C00C4F20200012201606D202146182318254C
:10A06C00F6F7DBFB02E0013D00F0C980DAF80000F6
:10A07C00DAF80010091A59290ED8DAF80010091A62
:10A08C0059299EBFDAF80010091A592904D8DAF8B0
:10A09C000010091A5A29EBD3DBF8000080070CD406
:10A0AC00DBF8000080075CBFDBF800005FEA807023
:10A0BC0003D4DBF800008007EED5CBF80490DBF876
:10A0CC000000C0070CD1DBF80000C00704BFDBF8B0
:10A0DC0000005FEAC07003D1DBF80000C007EED0CF
:10A0EC00DBF8000000060CD5DBF80000000644BFCE
:10A0FC00DBF800005FEA006003D5DBF80000000627
:10A10C00EED4DBF80400DAF80000DAF80010091AD3
:10A11C0059290ED8DAF80010091A59299EBFDAF815
:10A12C000010091A592904D8DAF80010091A5A290A
:10A13C00EBD3DAF80000DAF80010091A59290ED816
:10A14C00DAF80010091A59299EBFDAF80010091A1A
:10A15C00592904D8DAF80010091A5A29EBD3DBF87C
:10A16C00000080070CD4DBF8000080075CBFDBF834
:10A17C0000005FEA807003D4DBF800008007EED5A6
:10A18C00CBF80490DBF80000C0070CD1DBF8000022
:10A19C00C00704BFDBF800005FEAC07003D1DBF836
:10A1AC000000C007EED0DBF8000000060CD5DBF891
:10A1BC000000000644BFDBF800005FEA006003D536
:10A1CC00DBF800000006EED4DBF80400DAF800003F
:10A1DC00DAF80010091A59293FF645AFDAF80010E1
:10A1EC00091A59299EBFDAF80010091A59293FF6A5
:10A1FC003AAFDAF80010091A5A29E9D333E740F6D6
:10A20C0018404FF48041C4F2020064220160012323
:10A21C000F98642500F142010A20F6F7FEFA02E0DD
:10A22C00013D00F0C980DAF80000DAF80010091AD4
:10A23C0059290ED8DAF80010091A59299EBFDAF8F4
:10A24C000010091A592904D8DAF80010091A5A29E9
:10A25C00EBD3DBF8000080070CD4DBF800008007A0
:10A26C005CBFDBF800005FEA807003D4DBF8000011
:10A27C008007EED5CBF80490DBF80000C0070CD1BA
:10A28C00DBF80000C00704BFDBF800005FEAC07019
:10A29C0003D1DBF80000C007EED0DBF800000006AD
:10A2AC000CD5DBF80000000644BFDBF800005FEAC9
:10A2BC00006003D5DBF800000006EED4DBF80400E8
:10A2CC00DAF80000DAF80010091A59290ED8DAF871
:10A2DC000010091A59299EBFDAF80010091A5929D9
:10A2EC0004D8DAF80010091A5A29EBD3DAF800006E
:10A2FC00DAF80010091A59290ED8DAF80010091AE0
:10A30C0059299EBFDAF80010091A592904D8DAF82D
:10A31C000010091A5A29EBD3DBF8000080070CD483
:10A32C00DBF8000080075CBFDBF800005FEA8070A0
:10A33C0003D4DBF800008007EED5CBF80490DBF8F3
:10A34C000000C0070CD1DBF80000C00704BFDBF82D
:10A35C0000005FEAC07003D1DBF80000C007EED04C
:10A36C00DBF8000000060CD5DBF80000000644BF4B
:10A37C00DBF800005FEA006003D5DBF800000006A4
:10A38C00EED4DBF80400DAF80000DAF80010091A51
:10A39C0059293FF645AFDAF80010091A59299EBF22
:10A3AC00DAF80010091A59293FF63AAFDAF800101A
:10A3BC00091A5A29E9D333E740F618404FF4804183
:10A3CC00C4F20200622201600B20214601236225A7
:10A3DC00F6F723FAFF2202E0013D00F0C980DAF81B
:10A3EC000000DAF80010091A59290ED8DAF8001012
:10A3FC00091A59299EBFDAF80010091A592904D8EC
:10A40C00DAF80010091A5A29EBD3DBF800008007A0
:10A41C000CD4DBF8000080075CBFDBF800005FEABF
:10A42C00807003D4DBF800008007EED5CBF8042055
:10A43C00DBF80000C0070CD1DBF80000C00704BF3C
:10A44C00DBF800005FEAC07003D1DBF80000C00746
:10A45C00EED0DBF8000000060CD5DBF8000000069F
:10A46C0044BFDBF800005FEA006003D5DBF80000B6
:10A47C000006EED4DBF80400DAF80000DAF800107D
:10A48C00091A59290ED8DAF80010091A59299EBF51
:10A49C00DAF80010091A592904D8DAF80010091A48
:10A4AC005A29EBD3DAF80000DAF80010091A592906
:10A4BC000ED8DAF80010091A59299EBFDAF80010E4
:10A4CC00091A592904D8DAF80010091A5A29EBD3B9
:10A4DC00DBF8000080070CD4DBF8000080075CBFC1
:10A4EC00DBF800005FEA807003D4DBF80000800723
:10A4FC00EED5CBF80420DBF80000C0070CD1DBF85C
:10A50C000000C00704BFDBF800005FEAC07003D195
:10A51C00DBF80000C007EED0DBF8000000060CD51D
:10A52C00DBF80000000644BFDBF800005FEA0060C7
:10A53C0003D5DBF800000006EED4DBF80400DAF8F3
:10A54C000000DAF80010091A59293FF645AFDAF87D
:10A55C000010091A59299EBFDAF80010091A592956
:10A56C003FF63AAFDAF80010091A5A29E9D333E763
:10A57C0040F618404FF48041C4F202000122016001
:10A58C0016230F98162500F12B040B202146F6F705
:10A59C0044F9FF2202E0013D00F0C980DAF8000026
:10A5AC00DAF80010091A59290ED8DAF80010091A2D
:10A5BC0059299EBFDAF80010091A592904D8DAF87B
:10A5CC000010091A5A29EBD3DBF8000080070CD4D1
:10A5DC00DBF8000080075CBFDBF800005FEA8070EE
:10A5EC0003D4DBF800008007EED5CBF80420DBF8B1
:10A5FC000000C0070CD1DBF80000C00704BFDBF87B
:10A60C0000005FEAC07003D1DBF80000C007EED099
:10A61C00DBF8000000060CD5DBF80000000644BF98
:10A62C00DBF800005FEA006003D5DBF800000006F1
:10A63C00EED4DBF80400DAF80000DAF80010091A9E
:10A64C0059290ED8DAF80010091A59299EBFDAF8E0
:10A65C000010091A592904D8DAF80010091A5A29D5
:10A66C00EBD3DAF80000DAF80010091A59290ED8E1
:10A67C00DAF80010091A59299EBFDAF80010091AE5
:10A68C00592904D8DAF80010091A5A29EBD3DBF847
:10A69C00000080070CD4DBF8000080075CBFDBF8FF
:10A6AC0000005FEA807003D4DBF800008007EED571
:10A6BC00CBF80420DBF80000C0070CD1DBF800005D
:10A6CC00C00704BFDBF800005FEAC07003D1DBF801
:10A6DC000000C007EED0DBF8000000060CD5DBF85C
:10A6EC000000000644BFDBF800005FEA006003D501
:10A6FC00DBF800000006EED4DBF80400DAF800000A
:10A70C00DAF80010091A59293FF645AFDAF80010AB
:10A71C00091A59299EBFDAF80010091A59293FF66F
:10A72C003AAFDAF80010091A5A29E9D333E740F6A0
:10A73C0018404FF48041C4F20200012201606C20E9
:10A74C00214616231625F6F768F8FF2202E0013D94
:10A75C0000F0C980DAF80000DAF80010091A59295B
:10A76C000ED8DAF80010091A59299EBFDAF8001031
:10A77C00091A592904D8DAF80010091A5A29EBD306
:10A78C00DBF8000080070CD4DBF8000080075CBF0E
:10A79C00DBF800005FEA807003D4DBF80000800770
:10A7AC00EED5CBF80420DBF80000C0070CD1DBF8A9
:10A7BC000000C00704BFDBF800005FEAC07003D1E3
:10A7CC00DBF80000C007EED0DBF8000000060CD56B
:10A7DC00DBF80000000644BFDBF800005FEA006015
:10A7EC0003D5DBF800000006EED4DBF80400DAF841
:10A7FC000000DAF80010091A59290ED8DAF80010FE
:10A80C00091A59299EBFDAF80010091A592904D8D7
:10A81C00DAF80010091A5A29EBD3DAF80000DAF842
:10A82C000010091A59290ED8DAF80010091A5929FA
:10A83C009EBFDAF80010091A592904D8DAF800106A
:10A84C00091A5A29EBD3DBF8000080070CD4DBF88B
:10A85C00000080075CBFDBF800005FEA807003D467
:10A86C00DBF800008007EED5CBF80420DBF8000005
:10A87C00C0070CD1DBF80000C00704BFDBF80000F8
:10A88C005FEAC07003D1DBF80000C007EED0DBF844
:10A89C00000000060CD5DBF80000000644BFDBF816
:10A8AC0000005FEA006003D5DBF800000006EED480
:10A8BC00DBF80400DAF80000DAF80010091A59295C
:10A8CC003FF645AFDAF80010091A59299EBFDAF89D
:10A8DC000010091A59293FF63AAFDAF80010091A94
:10A8EC005A29E9D333E740F618454FF48040C4F2B7
:10A8FC0002056222286001230F98622400F14101B5
:10A90C000B20F5F78AFFFF2202E0013C00F0C98022
:10A91C00DAF80000DAF80010091A59290ED8DAF81A
:10A92C000010091A59299EBFDAF80010091A592982
:10A93C0004D8DAF80010091A5A29EBD3DBF8000016
:10A94C0080070CD4DBF8000080075CBFDBF800004C
:10A95C005FEA807003D4DBF800008007EED5CBF8FB
:10A96C000420DBF80000C0070CD1DBF80000C007A6
:10A97C0004BFDBF800005FEAC07003D1DBF8000015
:10A98C00C007EED0DBF8000000060CD5DBF80000A9
:10A99C00000644BFDBF800005FEA006003D5DBF87B
:10A9AC0000000006EED4DBF80400DAF80000DAF858
:10A9BC000010091A59290ED8DAF80010091A592969
:10A9CC009EBFDAF80010091A592904D8DAF80010D9
:10A9DC00091A5A29EBD3DAF80000DAF80010091A30
:10A9EC0059290ED8DAF80010091A59299EBFDAF83D
:10A9FC000010091A592904D8DAF80010091A5A2932
:10AA0C00EBD3DBF8000080070CD4DBF800008007E8
:10AA1C005CBFDBF800005FEA807003D4DBF8000059
:10AA2C008007EED5CBF80420DBF80000C0070CD172
:10AA3C00DBF80000C00704BFDBF800005FEAC07061
:10AA4C0003D1DBF80000C007EED0DBF800000006F5
:10AA5C000CD5DBF80000000644BFDBF800005FEA11
:10AA6C00006003D5DBF800000006EED4DBF8040030
:10AA7C00DAF80000DAF80010091A59293FF645AF48
:10AA8C00DAF80010091A59299EBFDAF80010091AD1
:10AA9C0059293FF63AAFDAF80010091A5A29E9D3C6
:10AAAC0033E740F6184106EBC6044FF48040C4F27D
:10AABC0002010860292000EB84010A206422022391
:10AACC00F5F7ABFEA500C82004231F2602E00138D1
:10AADC0000F0C980DAF80010DAF80020521A592A6E
:10AAEC000ED8DAF80020521A592A9EBFDAF8002044
:10AAFC00521A592A04D8DAF80020521A5A2AEBD3DF
:10AB0C00DBF8001089070CD4DBF8001089075CBF58
:10AB1C00DBF800105FEA817103D4DBF800108907C1
:10AB2C00EED5CBF80430DBF80010C9070CD1DBF8FC
:10AB3C000010C90704BFDBF800105FEAC17103D134
:10AB4C00DBF80010C907EED0DBF8001009060CD5B5
:10AB5C00DBF80010090644BFDBF800105FEA016166
:10AB6C0003D5DBF800100906EED4DBF80410DAF894
:10AB7C000010DAF80020521A592A0ED8DAF8002000
:10AB8C00521A592A9EBFDAF80020521A592A04D8B0
:10AB9C00DAF80020521A5A2AEBD3DAF80010DAF855
:10ABAC000020521A592A0ED8DAF80020521A592AC3
:10ABBC009EBFDAF80020521A592A04D8DAF800207D
:10ABCC00521A5A2AEBD3DBF8001089070CD4DBF8A5
:10ABDC00001089075CBFDBF800105FEA817103D4B9
:10ABEC00DBF800108907EED5CBF80460DBF8001019
:10ABFC00C9070CD1DBF80010C90704BFDBF8001043
:10AC0C005FEAC17103D1DBF80010C907EED0DBF8A5
:10AC1C00001009060CD5DBF80010090644BFDBF860
:10AC2C0000105FEA016103D5DBF800100906EED4D1
:10AC3C00DBF80410DAF80010DAF80020521A592A5E
:10AC4C003FF645AFDAF80020521A592A9EBFDAF8BF
:10AC5C000020521A592A3FF63AAFDAF80020521A5D
:10AC6C005A2AE9D333E740F6184105F12B044FF487
:10AC7C008040C4F2020108600A20214602221623F9
:10AC8C000F95F5F7CAFD1F2604232C2002E001388E
:10AC9C0000F0C980DAF80010DAF80020521A592AAC
:10ACAC000ED8DAF80020521A592A9EBFDAF8002082
:10ACBC00521A592A04D8DAF80020521A5A2AEBD31D
:10ACCC00DBF8001089070CD4DBF8001089075CBF97
:10ACDC00DBF800105FEA817103D4DBF80010890700
:10ACEC00EED5CBF80430DBF80010C9070CD1DBF83B
:10ACFC000010C90704BFDBF800105FEAC17103D173
:10AD0C00DBF80010C907EED0DBF8001009060CD5F3
:10AD1C00DBF80010090644BFDBF800105FEA0161A4
:10AD2C0003D5DBF800100906EED4DBF80410DAF8D2
:10AD3C000010DAF80020521A592A0ED8DAF800203E
:10AD4C00521A592A9EBFDAF80020521A592A04D8EE
:10AD5C00DAF80020521A5A2AEBD3DAF80010DAF893
:10AD6C000020521A592A0ED8DAF80020521A592A01
:10AD7C009EBFDAF80020521A592A04D8DAF80020BB
:10AD8C00521A5A2AEBD3DBF8001089070CD4DBF8E3
:10AD9C00001089075CBFDBF800105FEA817103D4F7
:10ADAC00DBF800108907EED5CBF80460DBF8001057
:10ADBC00C9070CD1DBF80010C90704BFDBF8001081
:10ADCC005FEAC17103D1DBF80010C907EED0DBF8E4
:10ADDC00001009060CD5DBF80010090644BFDBF89F
:10ADEC0000105FEA016103D5DBF800100906EED410
:10ADFC00DBF80410DAF80010DAF80020521A592A9D
:10AE0C003FF645AFDAF80020521A592A9EBFDAF8FD
:10AE1C000020521A592A3FF63AAFDAF80020521A9B
:10AE2C005A2AE9D333E740F618414FF48040C4F274
:10AE3C000201022208606C2021461623F5F7EDFC76
:10AE4C001F2604232C200F9D02E0013800F0C9803E
:10AE5C00DAF80010DAF80020521A592A0ED8DAF86B
:10AE6C000020521A592A9EBFDAF80020521A592A89
:10AE7C0004D8DAF80020521A5A2AEBD3DBF8001067
:10AE8C0089070CD4DBF8001089075CBFDBF80010D5
:10AE9C005FEA817103D4DBF800108907EED5CBF89B
:10AEAC000430DBF80010C9070CD1DBF80010C9071F
:10AEBC0004BFDBF800105FEAC17103D1DBF80010AE
:10AECC00C907EED0DBF8001009060CD5DBF8001032
:10AEDC00090644BFDBF800105FEA016103D5DBF81B
:10AEEC0000100906EED4DBF80410DAF80010DAF8DA
:10AEFC000020521A592A0ED8DAF80020521A592A70
:10AF0C009EBFDAF80020521A592A04D8DAF8002029
:10AF1C00521A5A2AEBD3DAF80010DAF80020521A37
:10AF2C00592A0ED8DAF80020521A592A9EBFDAF89C
:10AF3C000020521A592A04D8DAF80020521A5A2A38
:10AF4C00EBD3DBF8001089070CD4DBF80010890771
:10AF5C005CBFDBF800105FEA817103D4DBF80010F2
:10AF6C008907EED5CBF80460DBF80010C9070CD1CB
:10AF7C00DBF80010C90704BFDBF800105FEAC171F1
:10AF8C0003D1DBF80010C907EED0DBF8001009067E
:10AF9C000CD5DBF80010090644BFDBF800105FEAA3
:10AFAC00016103D5DBF800100906EED4DBF80410C0
:10AFBC00DAF80010DAF80020521A592A3FF645AF99
:10AFCC00DAF80020521A592A9EBFDAF80020521AD9
:10AFDC00592A3FF63AAFDAF80020521A5A2AE9D326
:10AFEC0033E740F618414FF48040C4F2020164226A
:10AFFC00086005F141010A200223F5F70EFC0DF162
:10B00C004C0E1F250424C8200EF5FE43DDF844C069
:10B01C00139E02E0013803F0B486DAF80010DAF877
:10B02C000020521A592A0ED8DAF80020521A592A3E
:10B03C009EBFDAF80020521A592A04D8DAF80020F8
:10B04C00521A5A2AEBD3DBF8001089070CD4DBF820
:10B05C00001089075CBFDBF800105FEA817103D434
:10B06C00DBF800108907EED5CBF80440DBF80010B4
:10B07C00C9070CD1DBF80010C90704BFDBF80010BE
:10B08C005FEAC17103D1DBF80010C907EED0DBF821
:10B09C00001009060CD5DBF80010090644BFDBF8DC
:10B0AC0000105FEA016103D5DBF800100906EED44D
:10B0BC00DBF80410DAF80010DAF80020521A592ADA
:10B0CC000ED8DAF80020521A592A9EBFDAF800205E
:10B0DC00521A592A04D8DAF80020521A5A2AEBD3F9
:10B0EC00DAF80010DAF80020521A592A0ED8DAF8D9
:10B0FC000020521A592A9EBFDAF80020521A592AF7
:10B10C0004D8DAF80020521A5A2AEBD3DBF80010D4
:10B11C0089070CD4DBF8001089075CBFDBF8001042
:10B12C005FEA817103D4DBF800108907EED5CBF808
:10B13C000450DBF80010C9070CD1DBF80010C9076C
:10B14C0004BFDBF800105FEAC17103D1DBF800101B
:10B15C00C907EED0DBF8001009060CD5DBF800109F
:10B16C00090644BFDBF800105FEA016103D5DBF888
:10B17C0000100906EED4DBF80410DAF80010DAF847
:10B18C000020521A592A3FF645AFDAF80020521A1D
:10B19C00592A9EBFDAF80020521A592A3FF63AAFC4
:10B1AC00DAF80020521A5A2AE9D333E7461C05284C
:10B1BC00259684F0BF8600EBC0052920642201236C
:10B1CC0000EB85010A206424F5F727FB40F61842B2
:10B1DC00A8000F90C4F2020202E0013C01F01982B7
:10B1EC00DAF80000DAF80010091A59290ED8DAF842
:10B1FC000010091A59299EBFDAF80010091A5929AA
:10B20C0004D8DAF80010091A5A29EBD3DBF800003D
:10B21C0080070CD4DBF8000080075CBFDBF8000073
:10B22C005FEA807003D4DBF800008007EED5CBF822
:10B23C000490DBF80000C0070CD1DBF80000C0075D
:10B24C0004BFDBF800005FEAC07003D1DBF800003C
:10B25C00C007EED0DBF8000000060CD5DBF80000D0
:10B26C00000644BFDBF800005FEA006003D5DBF8A2
:10B27C0000000006EED4DBF80400DAF80000DAF87F
:10B28C000010091A59290ED8DAF80010091A592990
:10B29C009EBFDAF80010091A592904D8DAF8001000
:10B2AC00091A5A29EBD3DAF80000DAF80010091A57
:10B2BC0059290ED8DAF80010091A59299EBFDAF864
:10B2CC000010091A592904D8DAF80010091A5A2959
:10B2DC00EBD3DBF8000080070CD4DBF80000800710
:10B2EC005CBFDBF800005FEA807003D4DBF8000081
:10B2FC008007EED5CBF80490DBF80000C0070CD12A
:10B30C00DBF80000C00704BFDBF800005FEAC07088
:10B31C0003D1DBF80000C007EED0DBF8000000061C
:10B32C000CD5DBF80000000644BFDBF800005FEA38
:10B33C00006003D5DBF800000006EED4DBF8040057
:10B34C00DAF80000DAF80010091A59293FF645AF6F
:10B35C00DAF80010091A59299EBFDAF80010091AF8
:10B36C0059293FF63AAFDAF80010091A5A29E9D3ED
:10B37C0033E74FF48040BA2128600A2001221823B9
:10B38C001824F5F74AFA02E0013C00F0C980DAF81B
:10B39C000000DAF80010091A59290ED8DAF8001052
:10B3AC00091A59299EBFDAF80010091A592904D82C
:10B3BC00DAF80010091A5A29EBD3DBF800008007E1
:10B3CC000CD4DBF8000080075CBFDBF800005FEA00
:10B3DC00807003D4DBF800008007EED5CBF8049026
:10B3EC00DBF80000C0070CD1DBF80000C00704BF7D
:10B3FC00DBF800005FEAC07003D1DBF80000C00787
:10B40C00EED0DBF8000000060CD5DBF800000006DF
:10B41C0044BFDBF800005FEA006003D5DBF80000F6
:10B42C000006EED4DBF80400DAF80000DAF80010BD
:10B43C00091A59290ED8DAF80010091A59299EBF91
:10B44C00DAF80010091A592904D8DAF80010091A88
:10B45C005A29EBD3DAF80000DAF80010091A592946
:10B46C000ED8DAF80010091A59299EBFDAF8001024
:10B47C00091A592904D8DAF80010091A5A29EBD3F9
:10B48C00DBF8000080070CD4DBF8000080075CBF01
:10B49C00DBF800005FEA807003D4DBF80000800763
:10B4AC00EED5CBF80490DBF80000C0070CD1DBF82C
:10B4BC000000C00704BFDBF800005FEAC07003D1D6
:10B4CC00DBF80000C007EED0DBF8000000060CD55E
:10B4DC00DBF80000000644BFDBF800005FEA006008
:10B4EC0003D5DBF800000006EED4DBF80400DAF834
:10B4FC000000DAF80010091A59293FF645AFDAF8BE
:10B50C000010091A59299EBFDAF80010091A592996
:10B51C003FF63AAFDAF80010091A5A29E9D333E7A3
:10B52C004FF48040BA2128606D2001221823182482
:10B53C00F5F773F902E0013C00F0C980DAF800007D
:10B54C00DAF80010091A59290ED8DAF80010091A7D
:10B55C0059299EBFDAF80010091A592904D8DAF8CB
:10B56C000010091A5A29EBD3DBF8000080070CD421
:10B57C00DBF8000080075CBFDBF800005FEA80703E
:10B58C0003D4DBF800008007EED5CBF80490DBF891
:10B59C000000C0070CD1DBF80000C00704BFDBF8CB
:10B5AC0000005FEAC07003D1DBF80000C007EED0EA
:10B5BC00DBF8000000060CD5DBF80000000644BFE9
:10B5CC00DBF800005FEA006003D5DBF80000000642
:10B5DC00EED4DBF80400DAF80000DAF80010091AEF
:10B5EC0059290ED8DAF80010091A59299EBFDAF831
:10B5FC000010091A592904D8DAF80010091A5A2926
:10B60C00EBD3DAF80000DAF80010091A59290ED831
:10B61C00DAF80010091A59299EBFDAF80010091A35
:10B62C00592904D8DAF80010091A5A29EBD3DBF897
:10B63C00000080070CD4DBF8000080075CBFDBF84F
:10B64C0000005FEA807003D4DBF800008007EED5C1
:10B65C00CBF80490DBF80000C0070CD1DBF800003D
:10B66C00C00704BFDBF800005FEAC07003D1DBF851
:10B67C000000C007EED0DBF8000000060CD5DBF8AC
:10B68C000000000644BFDBF800005FEA006003D551
:10B69C00DBF800000006EED4DBF80400DAF800005A
:10B6AC00DAF80010091A59293FF645AFDAF80010FC
:10B6BC00091A59299EBFDAF80010091A59293FF6C0
:10B6CC003AAFDAF80010091A5A29E9D333E74FF4E4
:10B6DC008040D22128600A20642201236424F5F7DB
:10B6EC009CF802E0013C00F0C980DAF80000DAF8BE
:10B6FC000010091A59290ED8DAF80010091A59291C
:10B70C009EBFDAF80010091A592904D8DAF800108B
:10B71C00091A5A29EBD3DBF8000080070CD4DBF8AC
:10B72C00000080075CBFDBF800005FEA807003D488
:10B73C00DBF800008007EED5CBF80490DBF80000B6
:10B74C00C0070CD1DBF80000C00704BFDBF8000019
:10B75C005FEAC07003D1DBF80000C007EED0DBF865
:10B76C00000000060CD5DBF80000000644BFDBF837
:10B77C0000005FEA006003D5DBF800000006EED4A1
:10B78C00DBF80400DAF80000DAF80010091A59297D
:10B79C000ED8DAF80010091A59299EBFDAF80010F1
:10B7AC00091A592904D8DAF80010091A5A29EBD3C6
:10B7BC00DAF80000DAF80010091A59290ED8DAF86C
:10B7CC000010091A59299EBFDAF80010091A5929D4
:10B7DC0004D8DAF80010091A5A29EBD3DBF8000068
:10B7EC0080070CD4DBF8000080075CBFDBF800009E
:10B7FC005FEA807003D4DBF800008007EED5CBF84D
:10B80C000490DBF80000C0070CD1DBF80000C00787
:10B81C0004BFDBF800005FEAC07003D1DBF8000066
:10B82C00C007EED0DBF8000000060CD5DBF80000FA
:10B83C00000644BFDBF800005FEA006003D5DBF8CC
:10B84C0000000006EED4DBF80400DAF80000DAF8A9
:10B85C000010091A59293FF645AFDAF80010091AF9
:10B86C0059299EBFDAF80010091A59293FF63AAF48
:10B87C00DAF80010091A5A29E9D333E74FF480405B
:10B88C00BA2128600B20622201236224F4F7C5FF41
:10B89C00FF2202E0013C00F0C980DAF80000DAF87F
:10B8AC000010091A59290ED8DAF80010091A59296A
:10B8BC009EBFDAF80010091A592904D8DAF80010DA
:10B8CC00091A5A29EBD3DBF8000080070CD4DBF8FB
:10B8DC00000080075CBFDBF800005FEA807003D4D7
:10B8EC00DBF800008007EED5CBF80420DBF8000075
:10B8FC00C0070CD1DBF80000C00704BFDBF8000068
:10B90C005FEAC07003D1DBF80000C007EED0DBF8B3
:10B91C00000000060CD5DBF80000000644BFDBF885
:10B92C0000005FEA006003D5DBF800000006EED4EF
:10B93C00DBF80400DAF80000DAF80010091A5929CB
:10B94C000ED8DAF80010091A59299EBFDAF800103F
:10B95C00091A592904D8DAF80010091A5A29EBD314
:10B96C00DAF80000DAF80010091A59290ED8DAF8BA
:10B97C000010091A59299EBFDAF80010091A592922
:10B98C0004D8DAF80010091A5A29EBD3DBF80000B6
:10B99C0080070CD4DBF8000080075CBFDBF80000EC
:10B9AC005FEA807003D4DBF800008007EED5CBF89B
:10B9BC000420DBF80000C0070CD1DBF80000C00746
:10B9CC0004BFDBF800005FEAC07003D1DBF80000B5
:10B9DC00C007EED0DBF8000000060CD5DBF8000049
:10B9EC00000644BFDBF800005FEA006003D5DBF81B
:10B9FC0000000006EED4DBF80400DAF80000DAF8F8
:10BA0C000010091A59293FF645AFDAF80010091A47
:10BA1C0059299EBFDAF80010091A59293FF63AAF96
:10BA2C00DAF80010091A5A29E9D333E74FF48040A9
:10BA3C00BB2128600B20012216231624F4F7EDFEFF
:10BA4C00FF2202E0013C00F0C980DAF80000DAF8CD
:10BA5C000010091A59290ED8DAF80010091A5929B8
:10BA6C009EBFDAF80010091A592904D8DAF8001028
:10BA7C00091A5A29EBD3DBF8000080070CD4DBF849
:10BA8C00000080075CBFDBF800005FEA807003D425
:10BA9C00DBF800008007EED5CBF80420DBF80000C3
:10BAAC00C0070CD1DBF80000C00704BFDBF80000B6
:10BABC005FEAC07003D1DBF80000C007EED0DBF802
:10BACC00000000060CD5DBF80000000644BFDBF8D4
:10BADC0000005FEA006003D5DBF800000006EED43E
:10BAEC00DBF80400DAF80000DAF80010091A59291A
:10BAFC000ED8DAF80010091A59299EBFDAF800108E
:10BB0C00091A592904D8DAF80010091A5A29EBD362
:10BB1C00DAF80000DAF80010091A59290ED8DAF808
:10BB2C000010091A59299EBFDAF80010091A592970
:10BB3C0004D8DAF80010091A5A29EBD3DBF8000004
:10BB4C0080070CD4DBF8000080075CBFDBF800003A
:10BB5C005FEA807003D4DBF800008007EED5CBF8E9
:10BB6C000420DBF80000C0070CD1DBF80000C00794
:10BB7C0004BFDBF800005FEAC07003D1DBF8000003
:10BB8C00C007EED0DBF8000000060CD5DBF8000097
:10BB9C00000644BFDBF800005FEA006003D5DBF869
:10BBAC0000000006EED4DBF80400DAF80000DAF846
:10BBBC000010091A59293FF645AFDAF80010091A96
:10BBCC0059299EBFDAF80010091A59293FF63AAFE5
:10BBDC00DAF80010091A5A29E9D333E74FF48040F8
:10BBEC00BB2128606C20012216231624F4F715FEC5
:10BBFC00FF2202E0013C00F0C980DAF80000DAF81C
:10BC0C000010091A59290ED8DAF80010091A592906
:10BC1C009EBFDAF80010091A592904D8DAF8001076
:10BC2C00091A5A29EBD3DBF8000080070CD4DBF897
:10BC3C00000080075CBFDBF800005FEA807003D473
:10BC4C00DBF800008007EED5CBF80420DBF8000011
:10BC5C00C0070CD1DBF80000C00704BFDBF8000004
:10BC6C005FEAC07003D1DBF80000C007EED0DBF850
:10BC7C00000000060CD5DBF80000000644BFDBF822
:10BC8C0000005FEA006003D5DBF800000006EED48C
:10BC9C00DBF80400DAF80000DAF80010091A592968
:10BCAC000ED8DAF80010091A59299EBFDAF80010DC
:10BCBC00091A592904D8DAF80010091A5A29EBD3B1
:10BCCC00DAF80000DAF80010091A59290ED8DAF857
:10BCDC000010091A59299EBFDAF80010091A5929BF
:10BCEC0004D8DAF80010091A5A29EBD3DBF8000053
:10BCFC0080070CD4DBF8000080075CBFDBF8000089
:10BD0C005FEA807003D4DBF800008007EED5CBF837
:10BD1C000420DBF80000C0070CD1DBF80000C007E2
:10BD2C0004BFDBF800005FEAC07003D1DBF8000051
:10BD3C00C007EED0DBF8000000060CD5DBF80000E5
:10BD4C00000644BFDBF800005FEA006003D5DBF8B7
:10BD5C0000000006EED4DBF80400DAF80000DAF894
:10BD6C000010091A59293FF645AFDAF80010091AE4
:10BD7C0059299EBFDAF80010091A59293FF63AAF33
:10BD8C00DAF80010091A5A29E9D333E74FF4804046
:10BD9C00D12128600B20622201236224F4F73DFD9F
:10BDAC00FF2202E0013C00F0C980DAF80000DAF86A
:10BDBC000010091A59290ED8DAF80010091A592955
:10BDCC009EBFDAF80010091A592904D8DAF80010C5
:10BDDC00091A5A29EBD3DBF8000080070CD4DBF8E6
:10BDEC00000080075CBFDBF800005FEA807003D4C2
:10BDFC00DBF800008007EED5CBF80420DBF8000060
:10BE0C00C0070CD1DBF80000C00704BFDBF8000052
:10BE1C005FEAC07003D1DBF80000C007EED0DBF89E
:10BE2C00000000060CD5DBF80000000644BFDBF870
:10BE3C0000005FEA006003D5DBF800000006EED4DA
:10BE4C00DBF80400DAF80000DAF80010091A5929B6
:10BE5C000ED8DAF80010091A59299EBFDAF800102A
:10BE6C00091A592904D8DAF80010091A5A29EBD3FF
:10BE7C00DAF80000DAF80010091A59290ED8DAF8A5
:10BE8C000010091A59299EBFDAF80010091A59290D
:10BE9C0004D8DAF80010091A5A29EBD3DBF80000A1
:10BEAC0080070CD4DBF8000080075CBFDBF80000D7
:10BEBC005FEA807003D4DBF800008007EED5CBF886
:10BECC000420DBF80000C0070CD1DBF80000C00731
:10BEDC0004BFDBF800005FEAC07003D1DBF80000A0
:10BEEC00C007EED0DBF8000000060CD5DBF8000034
:10BEFC00000644BFDBF800005FEA006003D5DBF806
:10BF0C0000000006EED4DBF80400DAF80000DAF8E2
:10BF1C000010091A59293FF645AFDAF80010091A32
:10BF2C0059299EBFDAF80010091A59293FF63AAF81
:10BF3C00DAF80010091A5A29E9D333E74FF4804094
:10BF4C00292128600A2064220223F4F766FCC82009
:10BF5C0004231F2602E0013800F0C980DAF8001033
:10BF6C00DAF80020521A592A0ED8DAF80020521AA0
:10BF7C00592A9EBFDAF80020521A592A04D8DAF846
:10BF8C000020521A5A2AEBD3DBF8001089070CD484
:10BF9C00DBF8001089075CBFDBF800105FEA8171E9
:10BFAC0003D4DBF800108907EED5CBF80430DBF8AE
:10BFBC000010C9070CD1DBF80010C90704BFDBF86F
:10BFCC0000105FEAC17103D1DBF80010C907EED095
:10BFDC00DBF8001009060CD5DBF80010090644BF8D
:10BFEC00DBF800105FEA016103D5DBF800100906ED
:10BFFC00EED4DBF80410DAF80010DAF80020521A4C
:10C00C00592A0ED8DAF80020521A592A9EBFDAF8AB
:10C01C000020521A592A04D8DAF80020521A5A2A47
:10C02C00EBD3DAF80010DAF80020521A592A0ED89D
:10C03C00DAF80020521A592A9EBFDAF80020521A58
:10C04C00592A04D8DAF80020521A5A2AEBD3DBF812
:10C05C00001089070CD4DBF8001089075CBFDBF8F3
:10C06C0000105FEA817103D4DBF800108907EED56C
:10C07C00CBF80460DBF80010C9070CD1DBF800101A
:10C08C00C90704BFDBF800105FEAC17103D1DBF80C
:10C09C000010C907EED0DBF8001009060CD5DBF850
:10C0AC000010090644BFDBF800105FEA016103D5FC
:10C0BC00DBF800100906EED4DBF80410DAF80010F7
:10C0CC00DAF80020521A592A3FF645AFDAF8002068
:10C0DC00521A592A9EBFDAF80020521A592A3FF6F2
:10C0EC003AAFDAF80020521A5A2AE9D333E74FF460
:10C0FC0080402B2128600A2002221623F4F78DFBA6
:10C10C001F2604232C2002E0013800F0C980DAF845
:10C11C000010DAF80020521A592A0ED8DAF800204A
:10C12C00521A592A9EBFDAF80020521A592A04D8FA
:10C13C00DAF80020521A5A2AEBD3DBF800108907E0
:10C14C000CD4DBF8001089075CBFDBF800105FEA49
:10C15C00817103D4DBF800108907EED5CBF80430DD
:10C16C00DBF80010C9070CD1DBF80010C90704BFBD
:10C17C00DBF800105FEAC17103D1DBF80010C907CE
:10C18C00EED0DBF8001009060CD5DBF80010090620
:10C19C0044BFDBF800105FEA016103D5DBF8001047
:10C1AC000906EED4DBF80410DAF80010DAF80020F7
:10C1BC00521A592A0ED8DAF80020521A592A9EBF60
:10C1CC00DAF80020521A592A04D8DAF80020521A48
:10C1DC005A2AEBD3DAF80010DAF80020521A592A4E
:10C1EC000ED8DAF80020521A592A9EBFDAF800202D
:10C1FC00521A592A04D8DAF80020521A5A2AEBD3C8
:10C20C00DBF8001089070CD4DBF8001089075CBF41
:10C21C00DBF800105FEA817103D4DBF800108907AA
:10C22C00EED5CBF80460DBF80010C9070CD1DBF8B5
:10C23C000010C90704BFDBF800105FEAC17103D11D
:10C24C00DBF80010C907EED0DBF8001009060CD59E
:10C25C00DBF80010090644BFDBF800105FEA01614F
:10C26C0003D5DBF800100906EED4DBF80410DAF87D
:10C27C000010DAF80020521A592A3FF645AFDAF8C6
:10C28C000020521A592A9EBFDAF80020521A592A55
:10C29C003FF63AAFDAF80020521A5A2AE9D333E7BC
:10C2AC004FF480402B2128606C2002221623F4F7D7
:10C2BC00B4FA1F2604232C2002E0013800F0C980B8
:10C2CC00DAF80010DAF80020521A592A0ED8DAF8E7
:10C2DC000020521A592A9EBFDAF80020521A592A05
:10C2EC0004D8DAF80020521A5A2AEBD3DBF80010E3
:10C2FC0089070CD4DBF8001089075CBFDBF8001051
:10C30C005FEA817103D4DBF800108907EED5CBF816
:10C31C000430DBF80010C9070CD1DBF80010C9079A
:10C32C0004BFDBF800105FEAC17103D1DBF8001029
:10C33C00C907EED0DBF8001009060CD5DBF80010AD
:10C34C00090644BFDBF800105FEA016103D5DBF896
:10C35C0000100906EED4DBF80410DAF80010DAF855
:10C36C000020521A592A0ED8DAF80020521A592AEB
:10C37C009EBFDAF80020521A592A04D8DAF80020A5
:10C38C00521A5A2AEBD3DAF80010DAF80020521AB3
:10C39C00592A0ED8DAF80020521A592A9EBFDAF818
:10C3AC000020521A592A04D8DAF80020521A5A2AB4
:10C3BC00EBD3DBF8001089070CD4DBF800108907ED
:10C3CC005CBFDBF800105FEA817103D4DBF800106E
:10C3DC008907EED5CBF80460DBF80010C9070CD147
:10C3EC00DBF80010C90704BFDBF800105FEAC1716D
:10C3FC0003D1DBF80010C907EED0DBF800100906FA
:10C40C000CD5DBF80010090644BFDBF800105FEA1E
:10C41C00016103D5DBF800100906EED4DBF804103B
:10C42C00DAF80010DAF80020521A592A3FF645AF14
:10C43C00DAF80020521A592A9EBFDAF80020521A54
:10C44C00592A3FF63AAFDAF80020521A5A2AE9D3A1
:10C45C0033E74FF48040412128600A2064220223F4
:10C46C00F4F7DBF90DF14C0E1F250424C8200EF552
:10C47C00FE43DDF844C0139E02E0013802F08184D3
:10C48C00DAF80010DAF80020521A592A0ED8DAF825
:10C49C000020521A592A9EBFDAF80020521A592A43
:10C4AC0004D8DAF80020521A5A2AEBD3DBF8001021
:10C4BC0089070CD4DBF8001089075CBFDBF800108F
:10C4CC005FEA817103D4DBF800108907EED5CBF855
:10C4DC000440DBF80010C9070CD1DBF80010C907C9
:10C4EC0004BFDBF800105FEAC17103D1DBF8001068
:10C4FC00C907EED0DBF8001009060CD5DBF80010EC
:10C50C00090644BFDBF800105FEA016103D5DBF8D4
:10C51C0000100906EED4DBF80410DAF80010DAF893
:10C52C000020521A592A0ED8DAF80020521A592A29
:10C53C009EBFDAF80020521A592A04D8DAF80020E3
:10C54C00521A5A2AEBD3DAF80010DAF80020521AF1
:10C55C00592A0ED8DAF80020521A592A9EBFDAF856
:10C56C000020521A592A04D8DAF80020521A5A2AF2
:10C57C00EBD3DBF8001089070CD4DBF8001089072B
:10C58C005CBFDBF800105FEA817103D4DBF80010AC
:10C59C008907EED5CBF80450DBF80010C9070CD195
:10C5AC00DBF80010C90704BFDBF800105FEAC171AB
:10C5BC0003D1DBF80010C907EED0DBF80010090638
:10C5CC000CD5DBF80010090644BFDBF800105FEA5D
:10C5DC00016103D5DBF800100906EED4DBF804107A
:10C5EC00DAF80010DAF80020521A592A3FF645AF53
:10C5FC00DAF80020521A592A9EBFDAF80020521A93
:10C60C00592A3FF63AAFDAF80020521A5A2AE9D3DF
:10C61C0033E74FF480401823106001220F9818253F
:10C62C0000F12A040A202146F4F7F7F802E0013D54
:10C63C0000F0C980DAF80000DAF80010091A59295C
:10C64C000ED8DAF80010091A59299EBFDAF8001032
:10C65C00091A592904D8DAF80010091A5A29EBD307
:10C66C00DBF8000080070CD4DBF8000080075CBF0F
:10C67C00DBF800005FEA807003D4DBF80000800771
:10C68C00EED5CBF80490DBF80000C0070CD1DBF83A
:10C69C000000C00704BFDBF800005FEAC07003D1E4
:10C6AC00DBF80000C007EED0DBF8000000060CD56C
:10C6BC00DBF80000000644BFDBF800005FEA006016
:10C6CC0003D5DBF800000006EED4DBF80400DAF842
:10C6DC000000DAF80010091A59290ED8DAF80010FF
:10C6EC00091A59299EBFDAF80010091A592904D8D9
:10C6FC00DAF80010091A5A29EBD3DAF80000DAF844
:10C70C000010091A59290ED8DAF80010091A5929FB
:10C71C009EBFDAF80010091A592904D8DAF800106B
:10C72C00091A5A29EBD3DBF8000080070CD4DBF88C
:10C73C00000080075CBFDBF800005FEA807003D468
:10C74C00DBF800008007EED5CBF80490DBF8000096
:10C75C00C0070CD1DBF80000C00704BFDBF80000F9
:10C76C005FEAC07003D1DBF80000C007EED0DBF845
:10C77C00000000060CD5DBF80000000644BFDBF817
:10C78C0000005FEA006003D5DBF800000006EED481
:10C79C00DBF80400DAF80000DAF80010091A59295D
:10C7AC003FF645AFDAF80010091A59299EBFDAF89E
:10C7BC000010091A59293FF63AAFDAF80010091A95
:10C7CC005A29E9D333E740F618404FF48041C4F2BC
:10C7DC000200012201606D20214618231825F4F770
:10C7EC001CF802E0013D00F0C980DAF80000DAF82C
:10C7FC000010091A59290ED8DAF80010091A59290B
:10C80C009EBFDAF80010091A592904D8DAF800107A
:10C81C00091A5A29EBD3DBF8000080070CD4DBF89B
:10C82C00000080075CBFDBF800005FEA807003D477
:10C83C00DBF800008007EED5CBF80490DBF80000A5
:10C84C00C0070CD1DBF80000C00704BFDBF8000008
:10C85C005FEAC07003D1DBF80000C007EED0DBF854
:10C86C00000000060CD5DBF80000000644BFDBF826
:10C87C0000005FEA006003D5DBF800000006EED490
:10C88C00DBF80400DAF80000DAF80010091A59296C
:10C89C000ED8DAF80010091A59299EBFDAF80010E0
:10C8AC00091A592904D8DAF80010091A5A29EBD3B5
:10C8BC00DAF80000DAF80010091A59290ED8DAF85B
:10C8CC000010091A59299EBFDAF80010091A5929C3
:10C8DC0004D8DAF80010091A5A29EBD3DBF8000057
:10C8EC0080070CD4DBF8000080075CBFDBF800008D
:10C8FC005FEA807003D4DBF800008007EED5CBF83C
:10C90C000490DBF80000C0070CD1DBF80000C00776
:10C91C0004BFDBF800005FEAC07003D1DBF8000055
:10C92C00C007EED0DBF8000000060CD5DBF80000E9
:10C93C00000644BFDBF800005FEA006003D5DBF8BB
:10C94C0000000006EED4DBF80400DAF80000DAF898
:10C95C000010091A59293FF645AFDAF80010091AE8
:10C96C0059299EBFDAF80010091A59293FF63AAF37
:10C97C00DAF80010091A5A29E9D333E740F61840BF
:10C98C004FF48041C4F202006422016001230F982D
:10C99C00642500F142010A20F3F73FFF02E0013D5C
:10C9AC0000F0C980DAF80000DAF80010091A5929E9
:10C9BC000ED8DAF80010091A59299EBFDAF80010BF
:10C9CC00091A592904D8DAF80010091A5A29EBD394
:10C9DC00DBF8000080070CD4DBF8000080075CBF9C
:10C9EC00DBF800005FEA807003D4DBF800008007FE
:10C9FC00EED5CBF80490DBF80000C0070CD1DBF8C7
:10CA0C000000C00704BFDBF800005FEAC07003D170
:10CA1C00DBF80000C007EED0DBF8000000060CD5F8
:10CA2C00DBF80000000644BFDBF800005FEA0060A2
:10CA3C0003D5DBF800000006EED4DBF80400DAF8CE
:10CA4C000000DAF80010091A59290ED8DAF800108B
:10CA5C00091A59299EBFDAF80010091A592904D865
:10CA6C00DAF80010091A5A29EBD3DAF80000DAF8D0
:10CA7C000010091A59290ED8DAF80010091A592988
:10CA8C009EBFDAF80010091A592904D8DAF80010F8
:10CA9C00091A5A29EBD3DBF8000080070CD4DBF819
:10CAAC00000080075CBFDBF800005FEA807003D4F5
:10CABC00DBF800008007EED5CBF80490DBF8000023
:10CACC00C0070CD1DBF80000C00704BFDBF8000086
:10CADC005FEAC07003D1DBF80000C007EED0DBF8D2
:10CAEC00000000060CD5DBF80000000644BFDBF8A4
:10CAFC0000005FEA006003D5DBF800000006EED40E
:10CB0C00DBF80400DAF80000DAF80010091A5929E9
:10CB1C003FF645AFDAF80010091A59299EBFDAF82A
:10CB2C000010091A59293FF63AAFDAF80010091A21
:10CB3C005A29E9D333E740F618404FF48041C4F248
:10CB4C000200622201600B20214601236225F3F7CB
:10CB5C0064FEFF2202E0013D00F0C980DAF800001B
:10CB6C00DAF80010091A59290ED8DAF80010091A47
:10CB7C0059299EBFDAF80010091A592904D8DAF895
:10CB8C000010091A5A29EBD3DBF8000080070CD4EB
:10CB9C00DBF8000080075CBFDBF800005FEA807008
:10CBAC0003D4DBF800008007EED5CBF80420DBF8CB
:10CBBC000000C0070CD1DBF80000C00704BFDBF895
:10CBCC0000005FEAC07003D1DBF80000C007EED0B4
:10CBDC00DBF8000000060CD5DBF80000000644BFB3
:10CBEC00DBF800005FEA006003D5DBF8000000060C
:10CBFC00EED4DBF80400DAF80000DAF80010091AB9
:10CC0C0059290ED8DAF80010091A59299EBFDAF8FA
:10CC1C000010091A592904D8DAF80010091A5A29EF
:10CC2C00EBD3DAF80000DAF80010091A59290ED8FB
:10CC3C00DAF80010091A59299EBFDAF80010091AFF
:10CC4C00592904D8DAF80010091A5A29EBD3DBF861
:10CC5C00000080070CD4DBF8000080075CBFDBF819
:10CC6C0000005FEA807003D4DBF800008007EED58B
:10CC7C00CBF80420DBF80000C0070CD1DBF8000077
:10CC8C00C00704BFDBF800005FEAC07003D1DBF81B
:10CC9C000000C007EED0DBF8000000060CD5DBF876
:10CCAC000000000644BFDBF800005FEA006003D51B
:10CCBC00DBF800000006EED4DBF80400DAF8000024
:10CCCC00DAF80010091A59293FF645AFDAF80010C6
:10CCDC00091A59299EBFDAF80010091A59293FF68A
:10CCEC003AAFDAF80010091A5A29E9D333E740F6BB
:10CCFC0018404FF48041C4F2020001220160162357
:10CD0C000F98162500F12B040B202146F3F785FD17
:10CD1C00FF2202E0013D00F0C980DAF80000DAF8E9
:10CD2C000010091A59290ED8DAF80010091A5929D5
:10CD3C009EBFDAF80010091A592904D8DAF8001045
:10CD4C00091A5A29EBD3DBF8000080070CD4DBF866
:10CD5C00000080075CBFDBF800005FEA807003D442
:10CD6C00DBF800008007EED5CBF80420DBF80000E0
:10CD7C00C0070CD1DBF80000C00704BFDBF80000D3
:10CD8C005FEAC07003D1DBF80000C007EED0DBF81F
:10CD9C00000000060CD5DBF80000000644BFDBF8F1
:10CDAC0000005FEA006003D5DBF800000006EED45B
:10CDBC00DBF80400DAF80000DAF80010091A592937
:10CDCC000ED8DAF80010091A59299EBFDAF80010AB
:10CDDC00091A592904D8DAF80010091A5A29EBD380
:10CDEC00DAF80000DAF80010091A59290ED8DAF826
:10CDFC000010091A59299EBFDAF80010091A59298E
:10CE0C0004D8DAF80010091A5A29EBD3DBF8000021
:10CE1C0080070CD4DBF8000080075CBFDBF8000057
:10CE2C005FEA807003D4DBF800008007EED5CBF806
:10CE3C000420DBF80000C0070CD1DBF80000C007B1
:10CE4C0004BFDBF800005FEAC07003D1DBF8000020
:10CE5C00C007EED0DBF8000000060CD5DBF80000B4
:10CE6C00000644BFDBF800005FEA006003D5DBF886
:10CE7C0000000006EED4DBF80400DAF80000DAF863
:10CE8C000010091A59293FF645AFDAF80010091AB3
:10CE9C0059299EBFDAF80010091A59293FF63AAF02
:10CEAC00DAF80010091A5A29E9D333E740F618408A
:10CEBC004FF48041C4F20200012201606C20214633
:10CECC0016231625F3F7A9FCFF2202E0013D00F022
:10CEDC00C980DAF80000DAF80010091A59290ED8BE
:10CEEC00DAF80010091A59299EBFDAF80010091A4D
:10CEFC00592904D8DAF80010091A5A29EBD3DBF8AF
:10CF0C00000080070CD4DBF8000080075CBFDBF866
:10CF1C0000005FEA807003D4DBF800008007EED5D8
:10CF2C00CBF80420DBF80000C0070CD1DBF80000C4
:10CF3C00C00704BFDBF800005FEAC07003D1DBF868
:10CF4C000000C007EED0DBF8000000060CD5DBF8C3
:10CF5C000000000644BFDBF800005FEA006003D568
:10CF6C00DBF800000006EED4DBF80400DAF8000071
:10CF7C00DAF80010091A59290ED8DAF80010091A33
:10CF8C0059299EBFDAF80010091A592904D8DAF881
:10CF9C000010091A5A29EBD3DAF80000DAF800105D
:10CFAC00091A59290ED8DAF80010091A59299EBF06
:10CFBC00DAF80010091A592904D8DAF80010091AFD
:10CFCC005A29EBD3DBF8000080070CD4DBF8000007
:10CFDC0080075CBFDBF800005FEA807003D4DBF8ED
:10CFEC0000008007EED5CBF80420DBF80000C0076A
:10CFFC000CD1DBF80000C00704BFDBF800005FEACF
:10D00C00C07003D1DBF80000C007EED0DBF80000E5
:10D01C0000060CD5DBF80000000644BFDBF800006E
:10D02C005FEA006003D5DBF800000006EED4DBF805
:10D03C000400DAF80000DAF80010091A59293FF652
:10D04C0045AFDAF80010091A59299EBFDAF800101A
:10D05C00091A59293FF63AAFDAF80010091A5A2979
:10D06C00E9D333E740F618454FF48040C4F202058B
:10D07C006222286001230F98622400F141010B20E9
:10D08C00F3F7CBFBFF2202E0013C00F0C980DAF899
:10D09C000000DAF80010091A59290ED8DAF8001035
:10D0AC00091A59299EBFDAF80010091A592904D80F
:10D0BC00DAF80010091A5A29EBD3DBF800008007C4
:10D0CC000CD4DBF8000080075CBFDBF800005FEAE3
:10D0DC00807003D4DBF800008007EED5CBF8042079
:10D0EC00DBF80000C0070CD1DBF80000C00704BF60
:10D0FC00DBF800005FEAC07003D1DBF80000C0076A
:10D10C00EED0DBF8000000060CD5DBF800000006C2
:10D11C0044BFDBF800005FEA006003D5DBF80000D9
:10D12C000006EED4DBF80400DAF80000DAF80010A0
:10D13C00091A59290ED8DAF80010091A59299EBF74
:10D14C00DAF80010091A592904D8DAF80010091A6B
:10D15C005A29EBD3DAF80000DAF80010091A592929
:10D16C000ED8DAF80010091A59299EBFDAF8001007
:10D17C00091A592904D8DAF80010091A5A29EBD3DC
:10D18C00DBF8000080070CD4DBF8000080075CBFE4
:10D19C00DBF800005FEA807003D4DBF80000800746
:10D1AC00EED5CBF80420DBF80000C0070CD1DBF87F
:10D1BC000000C00704BFDBF800005FEAC07003D1B9
:10D1CC00DBF80000C007EED0DBF8000000060CD541
:10D1DC00DBF80000000644BFDBF800005FEA0060EB
:10D1EC0003D5DBF800000006EED4DBF80400DAF817
:10D1FC000000DAF80010091A59293FF645AFDAF8A1
:10D20C000010091A59299EBFDAF80010091A592979
:10D21C003FF63AAFDAF80010091A5A29E9D333E786
:10D22C0040F61841052E4FF48040C4F2020108600C
:10D23C0082F0D78606EBC60429206422022300EB79
:10D24C0084010A20F3F7E9FAA500C82004231F265D
:10D25C0002E0013800F0C980DAF80010DAF800209A
:10D26C00521A592A0ED8DAF80020521A592A9EBF9F
:10D27C00DAF80020521A592A04D8DAF80020521A87
:10D28C005A2AEBD3DBF8001089070CD4DBF800101A
:10D29C0089075CBFDBF800105FEA817103D4DBF80F
:10D2AC0000108907EED5CBF80430DBF80010C90765
:10D2BC000CD1DBF80010C90704BFDBF800105FEAE3
:10D2CC00C17103D1DBF80010C907EED0DBF80010F8
:10D2DC0009060CD5DBF80010090644BFDBF800107A
:10D2EC005FEA016103D5DBF800100906EED4DBF828
:10D2FC000410DAF80010DAF80020521A592A0ED865
:10D30C00DAF80020521A592A9EBFDAF80020521A75
:10D31C00592A04D8DAF80020521A5A2AEBD3DAF830
:10D32C000010DAF80020521A592A0ED8DAF8002028
:10D33C00521A592A9EBFDAF80020521A592A04D8D8
:10D34C00DAF80020521A5A2AEBD3DBF800108907BE
:10D35C000CD4DBF8001089075CBFDBF800105FEA27
:10D36C00817103D4DBF800108907EED5CBF804608B
:10D37C00DBF80010C9070CD1DBF80010C90704BF9B
:10D38C00DBF800105FEAC17103D1DBF80010C907AC
:10D39C00EED0DBF8001009060CD5DBF800100906FE
:10D3AC0044BFDBF800105FEA016103D5DBF8001025
:10D3BC000906EED4DBF80410DAF80010DAF80020D5
:10D3CC00521A592A3FF645AFDAF80020521A592A58
:10D3DC009EBFDAF80020521A592A3FF63AAFDAF813
:10D3EC000020521A5A2AE9D333E740F6184105F1C6
:10D3FC002B044FF48040C4F2020108600A2021463D
:10D40C00022216230F95F3F708FA1F2604232C206B
:10D41C0002E0013800F0C980DAF80010DAF80020D8
:10D42C00521A592A0ED8DAF80020521A592A9EBFDD
:10D43C00DAF80020521A592A04D8DAF80020521AC5
:10D44C005A2AEBD3DBF8001089070CD4DBF8001058
:10D45C0089075CBFDBF800105FEA817103D4DBF84D
:10D46C0000108907EED5CBF80430DBF80010C907A3
:10D47C000CD1DBF80010C90704BFDBF800105FEA21
:10D48C00C17103D1DBF80010C907EED0DBF8001036
:10D49C0009060CD5DBF80010090644BFDBF80010B8
:10D4AC005FEA016103D5DBF800100906EED4DBF866
:10D4BC000410DAF80010DAF80020521A592A0ED8A3
:10D4CC00DAF80020521A592A9EBFDAF80020521AB4
:10D4DC00592A04D8DAF80020521A5A2AEBD3DAF86F
:10D4EC000010DAF80020521A592A0ED8DAF8002067
:10D4FC00521A592A9EBFDAF80020521A592A04D817
:10D50C00DAF80020521A5A2AEBD3DBF800108907FC
:10D51C000CD4DBF8001089075CBFDBF800105FEA65
:10D52C00817103D4DBF800108907EED5CBF80460C9
:10D53C00DBF80010C9070CD1DBF80010C90704BFD9
:10D54C00DBF800105FEAC17103D1DBF80010C907EA
:10D55C00EED0DBF8001009060CD5DBF8001009063C
:10D56C0044BFDBF800105FEA016103D5DBF8001063
:10D57C000906EED4DBF80410DAF80010DAF8002013
:10D58C00521A592A3FF645AFDAF80020521A592A96
:10D59C009EBFDAF80020521A592A3FF63AAFDAF851
:10D5AC000020521A5A2AE9D333E740F618414FF4B7
:10D5BC008040C4F20201022208606C20214616232E
:10D5CC00F3F72BF91F2604232C200F9D02E00138C2
:10D5DC0000F0C980DAF80010DAF80020521A592A43
:10D5EC000ED8DAF80020521A592A9EBFDAF8002019
:10D5FC00521A592A04D8DAF80020521A5A2AEBD3B4
:10D60C00DBF8001089070CD4DBF8001089075CBF2D
:10D61C00DBF800105FEA817103D4DBF80010890796
:10D62C00EED5CBF80430DBF80010C9070CD1DBF8D1
:10D63C000010C90704BFDBF800105FEAC17103D109
:10D64C00DBF80010C907EED0DBF8001009060CD58A
:10D65C00DBF80010090644BFDBF800105FEA01613B
:10D66C0003D5DBF800100906EED4DBF80410DAF869
:10D67C000010DAF80020521A592A0ED8DAF80020D5
:10D68C00521A592A9EBFDAF80020521A592A04D885
:10D69C00DAF80020521A5A2AEBD3DAF80010DAF82A
:10D6AC000020521A592A0ED8DAF80020521A592A98
:10D6BC009EBFDAF80020521A592A04D8DAF8002052
:10D6CC00521A5A2AEBD3DBF8001089070CD4DBF87A
:10D6DC00001089075CBFDBF800105FEA817103D48E
:10D6EC00DBF800108907EED5CBF80460DBF80010EE
:10D6FC00C9070CD1DBF80010C90704BFDBF8001018
:10D70C005FEAC17103D1DBF80010C907EED0DBF87A
:10D71C00001009060CD5DBF80010090644BFDBF835
:10D72C0000105FEA016103D5DBF800100906EED4A6
:10D73C00DBF80410DAF80010DAF80020521A592A33
:10D74C003FF645AFDAF80020521A592A9EBFDAF894
:10D75C000020521A592A3FF63AAFDAF80020521A32
:10D76C005A2AE9D333E740F618414FF48040C4F20B
:10D77C0002016422086005F141010A200223F3F73B
:10D78C004CF80DF14C0E1F250424C8200EF5FE4359
:10D79C00DDF844C0139E02E0013801F0F282DAF8A1
:10D7AC000010DAF80020521A592A0ED8DAF80020A4
:10D7BC00521A592A9EBFDAF80020521A592A04D854
:10D7CC00DAF80020521A5A2AEBD3DBF8001089073A
:10D7DC000CD4DBF8001089075CBFDBF800105FEAA3
:10D7EC00817103D4DBF800108907EED5CBF8044027
:10D7FC00DBF80010C9070CD1DBF80010C90704BF17
:10D80C00DBF800105FEAC17103D1DBF80010C90727
:10D81C00EED0DBF8001009060CD5DBF80010090679
:10D82C0044BFDBF800105FEA016103D5DBF80010A0
:10D83C000906EED4DBF80410DAF80010DAF8002050
:10D84C00521A592A0ED8DAF80020521A592A9EBFB9
:10D85C00DAF80020521A592A04D8DAF80020521AA1
:10D86C005A2AEBD3DAF80010DAF80020521A592AA7
:10D87C000ED8DAF80020521A592A9EBFDAF8002086
:10D88C00521A592A04D8DAF80020521A5A2AEBD321
:10D89C00DBF8001089070CD4DBF8001089075CBF9B
:10D8AC00DBF800105FEA817103D4DBF80010890704
:10D8BC00EED5CBF80450DBF80010C9070CD1DBF81F
:10D8CC000010C90704BFDBF800105FEAC17103D177
:10D8DC00DBF80010C907EED0DBF8001009060CD5F8
:10D8EC00DBF80010090644BFDBF800105FEA0161A9
:10D8FC0003D5DBF800100906EED4DBF80410DAF8D7
:10D90C000010DAF80020521A592A3FF645AFDAF81F
:10D91C000020521A592A9EBFDAF80020521A592AAE
:10D92C003FF63AAFDAF80020521A5A2AE9D333E715
:10D93C000A2029216422012325946424F2F76DFF27
:10D94C0040F61845C4F2020502E0013C00F0C98023
:10D95C00DAF80000DAF80010091A59290ED8DAF8AA
:10D96C000010091A59299EBFDAF80010091A592912
:10D97C0004D8DAF80010091A5A29EBD3DBF80000A6
:10D98C0080070CD4DBF8000080075CBFDBF80000DC
:10D99C005FEA807003D4DBF800008007EED5CBF88B
:10D9AC000490DBF80000C0070CD1DBF80000C007C6
:10D9BC0004BFDBF800005FEAC07003D1DBF80000A5
:10D9CC00C007EED0DBF8000000060CD5DBF8000039
:10D9DC00000644BFDBF800005FEA006003D5DBF80B
:10D9EC0000000006EED4DBF80400DAF80000DAF8E8
:10D9FC000010091A59290ED8DAF80010091A5929F9
:10DA0C009EBFDAF80010091A592904D8DAF8001068
:10DA1C00091A5A29EBD3DAF80000DAF80010091ABF
:10DA2C0059290ED8DAF80010091A59299EBFDAF8CC
:10DA3C000010091A592904D8DAF80010091A5A29C1
:10DA4C00EBD3DBF8000080070CD4DBF80000800778
:10DA5C005CBFDBF800005FEA807003D4DBF80000E9
:10DA6C008007EED5CBF80490DBF80000C0070CD192
:10DA7C00DBF80000C00704BFDBF800005FEAC070F1
:10DA8C0003D1DBF80000C007EED0DBF80000000685
:10DA9C000CD5DBF80000000644BFDBF800005FEAA1
:10DAAC00006003D5DBF800000006EED4DBF80400C0
:10DABC00DAF80000DAF80010091A59293FF645AFD8
:10DACC00DAF80010091A59299EBFDAF80010091A61
:10DADC0059293FF63AAFDAF80010091A5A29E9D356
:10DAEC0033E74FF480402A2128600A2001221823B2
:10DAFC001824F2F792FE02E0013C00F0C980DAF83B
:10DB0C000000DAF80010091A59290ED8DAF80010BA
:10DB1C00091A59299EBFDAF80010091A592904D894
:10DB2C00DAF80010091A5A29EBD3DBF80000800749
:10DB3C000CD4DBF8000080075CBFDBF800005FEA68
:10DB4C00807003D4DBF800008007EED5CBF804908E
:10DB5C00DBF80000C0070CD1DBF80000C00704BFE5
:10DB6C00DBF800005FEAC07003D1DBF80000C007EF
:10DB7C00EED0DBF8000000060CD5DBF80000000648
:10DB8C0044BFDBF800005FEA006003D5DBF800005F
:10DB9C000006EED4DBF80400DAF80000DAF8001026
:10DBAC00091A59290ED8DAF80010091A59299EBFFA
:10DBBC00DAF80010091A592904D8DAF80010091AF1
:10DBCC005A29EBD3DAF80000DAF80010091A5929AF
:10DBDC000ED8DAF80010091A59299EBFDAF800108D
:10DBEC00091A592904D8DAF80010091A5A29EBD362
:10DBFC00DBF8000080070CD4DBF8000080075CBF6A
:10DC0C00DBF800005FEA807003D4DBF800008007CB
:10DC1C00EED5CBF80490DBF80000C0070CD1DBF894
:10DC2C000000C00704BFDBF800005FEAC07003D13E
:10DC3C00DBF80000C007EED0DBF8000000060CD5C6
:10DC4C00DBF80000000644BFDBF800005FEA006070
:10DC5C0003D5DBF800000006EED4DBF80400DAF89C
:10DC6C000000DAF80010091A59293FF645AFDAF826
:10DC7C000010091A59299EBFDAF80010091A5929FF
:10DC8C003FF63AAFDAF80010091A5A29E9D333E70C
:10DC9C004FF480402A2128606D200122182318247B
:10DCAC00F2F7BBFD02E0013C00F0C980DAF800009D
:10DCBC00DAF80010091A59290ED8DAF80010091AE6
:10DCCC0059299EBFDAF80010091A592904D8DAF834
:10DCDC000010091A5A29EBD3DBF8000080070CD48A
:10DCEC00DBF8000080075CBFDBF800005FEA8070A7
:10DCFC0003D4DBF800008007EED5CBF80490DBF8FA
:10DD0C000000C0070CD1DBF80000C00704BFDBF833
:10DD1C0000005FEAC07003D1DBF80000C007EED052
:10DD2C00DBF8000000060CD5DBF80000000644BF51
:10DD3C00DBF800005FEA006003D5DBF800000006AA
:10DD4C00EED4DBF80400DAF80000DAF80010091A57
:10DD5C0059290ED8DAF80010091A59299EBFDAF899
:10DD6C000010091A592904D8DAF80010091A5A298E
:10DD7C00EBD3DAF80000DAF80010091A59290ED89A
:10DD8C00DAF80010091A59299EBFDAF80010091A9E
:10DD9C00592904D8DAF80010091A5A29EBD3DBF800
:10DDAC00000080070CD4DBF8000080075CBFDBF8B8
:10DDBC0000005FEA807003D4DBF800008007EED52A
:10DDCC00CBF80490DBF80000C0070CD1DBF80000A6
:10DDDC00C00704BFDBF800005FEAC07003D1DBF8BA
:10DDEC000000C007EED0DBF8000000060CD5DBF815
:10DDFC000000000644BFDBF800005FEA006003D5BA
:10DE0C00DBF800000006EED4DBF80400DAF80000C2
:10DE1C00DAF80010091A59293FF645AFDAF8001064
:10DE2C00091A59299EBFDAF80010091A59293FF628
:10DE3C003AAFDAF80010091A5A29E9D333E74FF44C
:10DE4C008040422128600A20642201236424F2F7D6
:10DE5C00E4FC02E0013C00F0C980DAF80000DAF8DA
:10DE6C000010091A59290ED8DAF80010091A592984
:10DE7C009EBFDAF80010091A592904D8DAF80010F4
:10DE8C00091A5A29EBD3DBF8000080070CD4DBF815
:10DE9C00000080075CBFDBF800005FEA807003D4F1
:10DEAC00DBF800008007EED5CBF80490DBF800001F
:10DEBC00C0070CD1DBF80000C00704BFDBF8000082
:10DECC005FEAC07003D1DBF80000C007EED0DBF8CE
:10DEDC00000000060CD5DBF80000000644BFDBF8A0
:10DEEC0000005FEA006003D5DBF800000006EED40A
:10DEFC00DBF80400DAF80000DAF80010091A5929E6
:10DF0C000ED8DAF80010091A59299EBFDAF8001059
:10DF1C00091A592904D8DAF80010091A5A29EBD32E
:10DF2C00DAF80000DAF80010091A59290ED8DAF8D4
:10DF3C000010091A59299EBFDAF80010091A59293C
:10DF4C0004D8DAF80010091A5A29EBD3DBF80000D0
:10DF5C0080070CD4DBF8000080075CBFDBF8000006
:10DF6C005FEA807003D4DBF800008007EED5CBF8B5
:10DF7C000490DBF80000C0070CD1DBF80000C007F0
:10DF8C0004BFDBF800005FEAC07003D1DBF80000CF
:10DF9C00C007EED0DBF8000000060CD5DBF8000063
:10DFAC00000644BFDBF800005FEA006003D5DBF835
:10DFBC0000000006EED4DBF80400DAF80000DAF812
:10DFCC000010091A59293FF645AFDAF80010091A62
:10DFDC0059299EBFDAF80010091A59293FF63AAFB1
:10DFEC00DAF80010091A5A29E9D333E74FF48040C4
:10DFFC002A2128600B20622201236224F2F70DFCF7
:10E00C00FF2202E0013C00F0C980DAF80000DAF8E7
:10E01C000010091A59290ED8DAF80010091A5929D2
:10E02C009EBFDAF80010091A592904D8DAF8001042
:10E03C00091A5A29EBD3DBF8000080070CD4DBF863
:10E04C00000080075CBFDBF800005FEA807003D43F
:10E05C00DBF800008007EED5CBF80420DBF80000DD
:10E06C00C0070CD1DBF80000C00704BFDBF80000D0
:10E07C005FEAC07003D1DBF80000C007EED0DBF81C
:10E08C00000000060CD5DBF80000000644BFDBF8EE
:10E09C0000005FEA006003D5DBF800000006EED458
:10E0AC00DBF80400DAF80000DAF80010091A592934
:10E0BC000ED8DAF80010091A59299EBFDAF80010A8
:10E0CC00091A592904D8DAF80010091A5A29EBD37D
:10E0DC00DAF80000DAF80010091A59290ED8DAF823
:10E0EC000010091A59299EBFDAF80010091A59298B
:10E0FC0004D8DAF80010091A5A29EBD3DBF800001F
:10E10C0080070CD4DBF8000080075CBFDBF8000054
:10E11C005FEA807003D4DBF800008007EED5CBF803
:10E12C000420DBF80000C0070CD1DBF80000C007AE
:10E13C0004BFDBF800005FEAC07003D1DBF800001D
:10E14C00C007EED0DBF8000000060CD5DBF80000B1
:10E15C00000644BFDBF800005FEA006003D5DBF883
:10E16C0000000006EED4DBF80400DAF80000DAF860
:10E17C000010091A59293FF645AFDAF80010091AB0
:10E18C0059299EBFDAF80010091A59293FF63AAFFF
:10E19C00DAF80010091A5A29E9D333E74FF4804012
:10E1AC002B2128600B20012216231624F2F735FBB5
:10E1BC00FF2202E0013C00F0C980DAF80000DAF836
:10E1CC000010091A59290ED8DAF80010091A592921
:10E1DC009EBFDAF80010091A592904D8DAF8001091
:10E1EC00091A5A29EBD3DBF8000080070CD4DBF8B2
:10E1FC00000080075CBFDBF800005FEA807003D48E
:10E20C00DBF800008007EED5CBF80420DBF800002B
:10E21C00C0070CD1DBF80000C00704BFDBF800001E
:10E22C005FEAC07003D1DBF80000C007EED0DBF86A
:10E23C00000000060CD5DBF80000000644BFDBF83C
:10E24C0000005FEA006003D5DBF800000006EED4A6
:10E25C00DBF80400DAF80000DAF80010091A592982
:10E26C000ED8DAF80010091A59299EBFDAF80010F6
:10E27C00091A592904D8DAF80010091A5A29EBD3CB
:10E28C00DAF80000DAF80010091A59290ED8DAF871
:10E29C000010091A59299EBFDAF80010091A5929D9
:10E2AC0004D8DAF80010091A5A29EBD3DBF800006D
:10E2BC0080070CD4DBF8000080075CBFDBF80000A3
:10E2CC005FEA807003D4DBF800008007EED5CBF852
:10E2DC000420DBF80000C0070CD1DBF80000C007FD
:10E2EC0004BFDBF800005FEAC07003D1DBF800006C
:10E2FC00C007EED0DBF8000000060CD5DBF8000000
:10E30C00000644BFDBF800005FEA006003D5DBF8D1
:10E31C0000000006EED4DBF80400DAF80000DAF8AE
:10E32C000010091A59293FF645AFDAF80010091AFE
:10E33C0059299EBFDAF80010091A59293FF63AAF4D
:10E34C00DAF80010091A5A29E9D333E74FF4804060
:10E35C002B2128606C20012216231624F2F75DFA7B
:10E36C00FF2202E0013C00F0C980DAF80000DAF884
:10E37C000010091A59290ED8DAF80010091A59296F
:10E38C009EBFDAF80010091A592904D8DAF80010DF
:10E39C00091A5A29EBD3DBF8000080070CD4DBF800
:10E3AC00000080075CBFDBF800005FEA807003D4DC
:10E3BC00DBF800008007EED5CBF80420DBF800007A
:10E3CC00C0070CD1DBF80000C00704BFDBF800006D
:10E3DC005FEAC07003D1DBF80000C007EED0DBF8B9
:10E3EC00000000060CD5DBF80000000644BFDBF88B
:10E3FC0000005FEA006003D5DBF800000006EED4F5
:10E40C00DBF80400DAF80000DAF80010091A5929D0
:10E41C000ED8DAF80010091A59299EBFDAF8001044
:10E42C00091A592904D8DAF80010091A5A29EBD319
:10E43C00DAF80000DAF80010091A59290ED8DAF8BF
:10E44C000010091A59299EBFDAF80010091A592927
:10E45C0004D8DAF80010091A5A29EBD3DBF80000BB
:10E46C0080070CD4DBF8000080075CBFDBF80000F1
:10E47C005FEA807003D4DBF800008007EED5CBF8A0
:10E48C000420DBF80000C0070CD1DBF80000C0074B
:10E49C0004BFDBF800005FEAC07003D1DBF80000BA
:10E4AC00C007EED0DBF8000000060CD5DBF800004E
:10E4BC00000644BFDBF800005FEA006003D5DBF820
:10E4CC0000000006EED4DBF80400DAF80000DAF8FD
:10E4DC000010091A59293FF645AFDAF80010091A4D
:10E4EC0059299EBFDAF80010091A59293FF63AAF9C
:10E4FC00DAF80010091A5A29E9D333E74FF48040AF
:10E50C00412128600B20622201236224F2F785F955
:10E51C00FF2202E0013C00F0C980DAF80000DAF8D2
:10E52C000010091A59290ED8DAF80010091A5929BD
:10E53C009EBFDAF80010091A592904D8DAF800102D
:10E54C00091A5A29EBD3DBF8000080070CD4DBF84E
:10E55C00000080075CBFDBF800005FEA807003D42A
:10E56C00DBF800008007EED5CBF80420DBF80000C8
:10E57C00C0070CD1DBF80000C00704BFDBF80000BB
:10E58C005FEAC07003D1DBF80000C007EED0DBF807
:10E59C00000000060CD5DBF80000000644BFDBF8D9
:10E5AC0000005FEA006003D5DBF800000006EED443
:10E5BC00DBF80400DAF80000DAF80010091A59291F
:10E5CC000ED8DAF80010091A59299EBFDAF8001093
:10E5DC00091A592904D8DAF80010091A5A29EBD368
:10E5EC00DAF80000DAF80010091A59290ED8DAF80E
:10E5FC000010091A59299EBFDAF80010091A592976
:10E60C0004D8DAF80010091A5A29EBD3DBF8000009
:10E61C0080070CD4DBF8000080075CBFDBF800003F
:10E62C005FEA807003D4DBF800008007EED5CBF8EE
:10E63C000420DBF80000C0070CD1DBF80000C00799
:10E64C0004BFDBF800005FEAC07003D1DBF8000008
:10E65C00C007EED0DBF8000000060CD5DBF800009C
:10E66C00000644BFDBF800005FEA006003D5DBF86E
:10E67C0000000006EED4DBF80400DAF80000DAF84B
:10E68C000010091A59293FF645AFDAF80010091A9B
:10E69C0059299EBFDAF80010091A59293FF63AAFEA
:10E6AC00DAF80010091A5A29E9D333E74FF48040FD
:10E6BC00B92128600A2064220223F2F7AEF8C820A0
:10E6CC0004231F2602E0013800F0C980DAF800109C
:10E6DC00DAF80020521A592A0ED8DAF80020521A09
:10E6EC00592A9EBFDAF80020521A592A04D8DAF8AF
:10E6FC000020521A5A2AEBD3DBF8001089070CD4ED
:10E70C00DBF8001089075CBFDBF800105FEA817151
:10E71C0003D4DBF800108907EED5CBF80430DBF816
:10E72C000010C9070CD1DBF80010C90704BFDBF8D7
:10E73C0000105FEAC17103D1DBF80010C907EED0FD
:10E74C00DBF8001009060CD5DBF80010090644BFF5
:10E75C00DBF800105FEA016103D5DBF80010090655
:10E76C00EED4DBF80410DAF80010DAF80020521AB4
:10E77C00592A0ED8DAF80020521A592A9EBFDAF814
:10E78C000020521A592A04D8DAF80020521A5A2AB0
:10E79C00EBD3DAF80010DAF80020521A592A0ED806
:10E7AC00DAF80020521A592A9EBFDAF80020521AC1
:10E7BC00592A04D8DAF80020521A5A2AEBD3DBF87B
:10E7CC00001089070CD4DBF8001089075CBFDBF85C
:10E7DC0000105FEA817103D4DBF800108907EED5D5
:10E7EC00CBF80460DBF80010C9070CD1DBF8001083
:10E7FC00C90704BFDBF800105FEAC17103D1DBF875
:10E80C000010C907EED0DBF8001009060CD5DBF8B8
:10E81C000010090644BFDBF800105FEA016103D564
:10E82C00DBF800100906EED4DBF80410DAF800105F
:10E83C00DAF80020521A592A3FF645AFDAF80020D0
:10E84C00521A592A9EBFDAF80020521A592A3FF65A
:10E85C003AAFDAF80020521A5A2AE9D333E74FF4C8
:10E86C008040BB2128600A2002221623F1F7D5FF35
:10E87C001F2604232C2002E0013800F0C980DAF8AE
:10E88C000010DAF80020521A592A0ED8DAF80020B3
:10E89C00521A592A9EBFDAF80020521A592A04D863
:10E8AC00DAF80020521A5A2AEBD3DBF80010890749
:10E8BC000CD4DBF8001089075CBFDBF800105FEAB2
:10E8CC00817103D4DBF800108907EED5CBF8043046
:10E8DC00DBF80010C9070CD1DBF80010C90704BF26
:10E8EC00DBF800105FEAC17103D1DBF80010C90737
:10E8FC00EED0DBF8001009060CD5DBF80010090689
:10E90C0044BFDBF800105FEA016103D5DBF80010AF
:10E91C000906EED4DBF80410DAF80010DAF800205F
:10E92C00521A592A0ED8DAF80020521A592A9EBFC8
:10E93C00DAF80020521A592A04D8DAF80020521AB0
:10E94C005A2AEBD3DAF80010DAF80020521A592AB6
:10E95C000ED8DAF80020521A592A9EBFDAF8002095
:10E96C00521A592A04D8DAF80020521A5A2AEBD330
:10E97C00DBF8001089070CD4DBF8001089075CBFAA
:10E98C00DBF800105FEA817103D4DBF80010890713
:10E99C00EED5CBF80460DBF80010C9070CD1DBF81E
:10E9AC000010C90704BFDBF800105FEAC17103D186
:10E9BC00DBF80010C907EED0DBF8001009060CD507
:10E9CC00DBF80010090644BFDBF800105FEA0161B8
:10E9DC0003D5DBF800100906EED4DBF80410DAF8E6
:10E9EC000010DAF80020521A592A3FF645AFDAF82F
:10E9FC000020521A592A9EBFDAF80020521A592ABE
:10EA0C003FF63AAFDAF80020521A5A2AE9D333E724
:10EA1C004FF48040BB2128606C2002221623F1F7B2
:10EA2C00FCFE1F2604232C2002E0013800F0C980D4
:10EA3C00DAF80010DAF80020521A592A0ED8DAF84F
:10EA4C000020521A592A9EBFDAF80020521A592A6D
:10EA5C0004D8DAF80020521A5A2AEBD3DBF800104B
:10EA6C0089070CD4DBF8001089075CBFDBF80010B9
:10EA7C005FEA817103D4DBF800108907EED5CBF87F
:10EA8C000430DBF80010C9070CD1DBF80010C90703
:10EA9C0004BFDBF800105FEAC17103D1DBF8001092
:10EAAC00C907EED0DBF8001009060CD5DBF8001016
:10EABC00090644BFDBF800105FEA016103D5DBF8FF
:10EACC0000100906EED4DBF80410DAF80010DAF8BE
:10EADC000020521A592A0ED8DAF80020521A592A54
:10EAEC009EBFDAF80020521A592A04D8DAF800200E
:10EAFC00521A5A2AEBD3DAF80010DAF80020521A1C
:10EB0C00592A0ED8DAF80020521A592A9EBFDAF880
:10EB1C000020521A592A04D8DAF80020521A5A2A1C
:10EB2C00EBD3DBF8001089070CD4DBF80010890755
:10EB3C005CBFDBF800105FEA817103D4DBF80010D6
:10EB4C008907EED5CBF80460DBF80010C9070CD1AF
:10EB5C00DBF80010C90704BFDBF800105FEAC171D5
:10EB6C0003D1DBF80010C907EED0DBF80010090662
:10EB7C000CD5DBF80010090644BFDBF800105FEA87
:10EB8C00016103D5DBF800100906EED4DBF80410A4
:10EB9C00DAF80010DAF80020521A592A3FF645AF7D
:10EBAC00DAF80020521A592A9EBFDAF80020521ABD
:10EBBC00592A3FF63AAFDAF80020521A5A2AE9D30A
:10EBCC0033E74FF48040D12128600A2064220223CD
:10EBDC00F1F723FE0DF14C0E1F250424C8200EF571
:10EBEC00FE43DDF844C0139E02E0013800F0C980FA
:10EBFC00DAF80010DAF80020521A592A0ED8DAF88E
:10EC0C000020521A592A9EBFDAF80020521A592AAB
:10EC1C0004D8DAF80020521A5A2AEBD3DBF8001089
:10EC2C0089070CD4DBF8001089075CBFDBF80010F7
:10EC3C005FEA817103D4DBF800108907EED5CBF8BD
:10EC4C000440DBF80010C9070CD1DBF80010C90731
:10EC5C0004BFDBF800105FEAC17103D1DBF80010D0
:10EC6C00C907EED0DBF8001009060CD5DBF8001054
:10EC7C00090644BFDBF800105FEA016103D5DBF83D
:10EC8C0000100906EED4DBF80410DAF80010DAF8FC
:10EC9C000020521A592A0ED8DAF80020521A592A92
:10ECAC009EBFDAF80020521A592A04D8DAF800204C
:10ECBC00521A5A2AEBD3DAF80010DAF80020521A5A
:10ECCC00592A0ED8DAF80020521A592A9EBFDAF8BF
:10ECDC000020521A592A04D8DAF80020521A5A2A5B
:10ECEC00EBD3DBF8001089070CD4DBF80010890794
:10ECFC005CBFDBF800105FEA817103D4DBF8001015
:10ED0C008907EED5CBF80450DBF80010C9070CD1FD
:10ED1C00DBF80010C90704BFDBF800105FEAC17113
:10ED2C0003D1DBF80010C907EED0DBF800100906A0
:10ED3C000CD5DBF80010090644BFDBF800105FEAC5
:10ED4C00016103D5DBF800100906EED4DBF80410E2
:10ED5C00DAF80010DAF80020521A592A3FF645AFBB
:10ED6C00DAF80020521A592A9EBFDAF80020521AFB
:10ED7C00592A3FF63AAFDAF80020521A5A2AE9D348
:10ED8C0033E740F618414FF48040C4F202010860AA
:10ED9C00FAF70FBB0C9EB568002D00F0CD836C1EEE
:10EDAC00B4602046F4F768FE152D40F2C98301F0DB
:10EDBC005BB90C9E14ACD6E900010A1A0346B0EB01
:10EDCC00920F28BF9308C91AC01A119DC6E90001F9
:10EDDC002046F4F703FF2046F5F728FD139EAC46BA
:10EDEC00FAF7B8BD4FF48040512128604FF4B6704B
:10EDFC000122D023D024F1F710FDC622182302E003
:10EE0C00013C00F0C980DAF80000DAF80010091AA9
:10EE1C0059290ED8DAF80010091A59299EBFDAF8C8
:10EE2C000010091A592904D8DAF80010091A5A29BD
:10EE3C00EBD3DBF8000080070CD4DBF80000800774
:10EE4C005CBFDBF800005FEA807003D4DBF80000E5
:10EE5C008007EED5CBF80420DBF80000C0070CD1FE
:10EE6C00DBF80000C00704BFDBF800005FEAC070ED
:10EE7C0003D1DBF80000C007EED0DBF80000000681
:10EE8C000CD5DBF80000000644BFDBF800005FEA9D
:10EE9C00006003D5DBF800000006EED4DBF80400BC
:10EEAC00DAF80000DAF80010091A59290ED8DAF845
:10EEBC000010091A59299EBFDAF80010091A5929AD
:10EECC0004D8DAF80010091A5A29EBD3DAF8000042
:10EEDC00DAF80010091A59290ED8DAF80010091AB4
:10EEEC0059299EBFDAF80010091A592904D8DAF802
:10EEFC000010091A5A29EBD3DBF8000080070CD458
:10EF0C00DBF8000080075CBFDBF800005FEA807074
:10EF1C0003D4DBF800008007EED5CBF80430DBF827
:10EF2C000000C0070CD1DBF80000C00704BFDBF801
:10EF3C0000005FEAC07003D1DBF80000C007EED020
:10EF4C00DBF8000000060CD5DBF80000000644BF1F
:10EF5C00DBF800005FEA006003D5DBF80000000678
:10EF6C00EED4DBF80400DAF80000DAF80010091A25
:10EF7C0059293FF645AFDAF80010091A59299EBFF6
:10EF8C00DAF80010091A59293FF63AAFDAF80010EE
:10EF9C00091A5A29E9D333E74FF4804028600E98B8
:10EFAC00F7F72CF944F23C2114A8C0F60101F2F752
:10EFBC00BEFE00F0C9BD249C022C40F0FC8043F640
:10EFCC0068354FF4E470C0F6010507219C224FF61A
:10EFDC00FF73CDF8909064460095F1F718FA4FF452
:10EFEC00E87007219D224FF6FF730095F1F70FFA99
:10EFFC004FF4C5700721AC2240F21F430095F1F786
:10F00C0006FA4FF4C9700721AD2240F21F43009558
:10F01C00F1F7FDF9FAF79CBC08980C9D0368D5E94B
:10F02C000012002B00F0A882581EB3F57A7F01F273
:10F03C00AB80109B53F820009FE22498022800F02C
:10F04C00B682012800F0AE82002840F07D8543F6A0
:10F05C0068340420C0F6010440F22911A2224FF4B6
:10F06C00FC630094F1F7D3F90C2040F22911A32290
:10F07C004FF4FC630094F1F7CAF900251A2410E050
:10F08C00054644F2E4104FF49571C0F601004FF6BA
:10F09C00FF7300902046F1F7B7FA0444072D00F0F7
:10F0AC008B8244F6FE16681CC0F601067157B1F14E
:10F0BC00FF3FCAB2E4DC305CAB1CE02A00F03F013D
:10F0CC0002F01F0013D3F35CF02A03F03F0343EA72
:10F0DC00811105F103030ED3F25C00F00700043537
:10F0EC0002F03F0242EA811141EA8042C9E741EA5B
:10F0FC0080121D46C5E741EA00321D46C1E70C9D52
:10F10C00AC68142C80F0CF810134AC602046F4F74D
:10F11C00B3FC2868CFE10DF5704E02208EF8590E25
:10F12C00FAF783BD14A80621F2F77EFEFAF784BD28
:10F13C0014A80521F2F778FEFAF77EBD14A8042175
:10F14C00F2F772FEFAF778BD4FF0FF300EF10106C0
:10F15C0092E00F92DCF85420501C00F05782089873
:10F16C000068002800F08D82431E01F10C80002500
:10F17C001846591901EBD1714910CC087C2C00F2BE
:10F18C00B486109C54F8214094428ABF08464D1C0A
:10F19C004B1E9D42EDDDC1087C2940F2738200F0CC
:10F1AC00F3BFDCE9150174461646CCE915109645FB
:10F1BC0000F002836CE0651C032C249580F09D8785
:10F1CC0044F6E41043F66836C0F60100C0F60106BA
:10F1DC0050F82420C4F103000721A0EB40100F903D
:10F1EC0000F2E7104FF6FF7300961646F1F70FF991
:10F1FC0043F66830721CC0F60100072100904FF6F0
:10F20C00FF730F9800F2EF10F1F701F944F6E410D8
:10F21C0043F66836C0F60100C0F6010650F82550DA
:10F22C00C4F102000721A0EB401440F21F4304F28A
:10F23C00E71000962A46F1F7EAF86A1C04F2EF1080
:10F24C00072140F21F430096F1F7E1F8139EDDF819
:10F25C0044C0FAF77FBB4FF0FF30BEF10A061446EC
:10F26C00CCF8540038BF4E46964500F0A5820FE00E
:10F27C000EF10A064FF0FF30CCF85400B6F5E37FE0
:10F28C004FF4E37028BF06461446964500F094826E
:10F29C00A64240F0DC800B987146F7F787FB04F12F
:10F2AC00190051210122D0230F94D024F1F7B5FA83
:10F2BC001F23042202E0013C00F0E080DAF8000099
:10F2CC00DAF80010091A59290ED8DAF80010091AC0
:10F2DC0059299EBFDAF80010091A592904D8DAF80E
:10F2EC000010091A5A29EBD3DBF8000080070CD464
:10F2FC00DBF8000080075CBFDBF800005FEA807081
:10F30C0003D4DBF800008007EED5CBF80420DBF843
:10F31C000000C0070CD1DBF80000C00704BFDBF80D
:10F32C0000005FEAC07003D1DBF80000C007EED02C
:10F33C00DBF8000000060CD5DBF80000000644BF2B
:10F34C00DBF800005FEA006003D5DBF80000000684
:10F35C00EED4DBF80400DAF80000DAF80010091A31
:10F36C0059290ED8DAF80010091A59299EBFDAF873
:10F37C000010091A592904D8DAF80010091A5A2968
:10F38C00EBD3DAF80000DAF80010091A59290ED874
:10F39C00DAF80010091A59299EBFDAF80010091A78
:10F3AC00592904D8DAF80010091A5A29EBD3DBF8DA
:10F3BC00000080070CD4DBF8000080075CBFDBF892
:10F3CC0000005FEA807003D4DBF800008007EED504
:10F3DC00CBF80430DBF80000C0070CD1DBF80000E0
:10F3EC00C00704BFDBF800005FEAC07003D1DBF894
:10F3FC000000C007EED0DBF8000000060CD5DBF8EF
:10F40C000000000644BFDBF800005FEA006003D593
:10F41C00DBF800000006EED4DBF80400DAF800009C
:10F42C00DAF80010091A59293FF645AFDAF800103E
:10F43C00091A59299EBFDAF80010091A59293FF602
:10F44C003AAFDAF80010091A5A29E9D333E77445B0
:10F45C0008BF96425AD0764500F0718340F21F40A7
:10F46C005121009006F119000122D0237546F2F7C4
:10F47C00DEF80B982946F7F799FA60E340F6184145
:10F48C004FF48040C4F20201086057E34FF0FF30A4
:10F49C00BEF10106CCF8540038BF4E4614469645D2
:10F4AC0000F08A81F4E62046F4F7E6FA142C40F0DA
:10F4BC00DB852868142444F2C46244F65C33C0F63D
:10F4CC00010202EBC401C0F6010352F834200979A1
:10F4DC0053F8211001FB020068605BE00DF57045EC
:10F4EC0085F8594E0DF5704484F858EE0DF1540E14
:10F4FC000EF57E460DF1480E06E9070014A80EF530
:10F50C007E413360F3F7E0FAFAF7C0B840F21F40DF
:10F51C005121009002F119000122D0237546F2F717
:10F52C0086F84CF218605121009005F11900012267
:10F53C00D023F2F77CF802E300200024F4F79CFAC5
:10F54C0044F2C46244F65C33C0F6010202EBC4011F
:10F55C00C0F6010352F834200979306814AC53F822
:10F56C00211001FB020070602046F4F737FB2046A7
:10F57C00F5F75CF9FAF78AB80020801AA2EB0103C0
:10F58C0038BF48469B08984228BF18460244084496
:10F59C00C5E9000214AC2046F4F720FB2046F5F731
:10F5AC0045F9D1E214A80221F2F73EFCCCE214A8F2
:10F5BC000121F2F739FCC7E244F2642114A8C0F629
:10F5CC000101F2F7B4FB40F6184541F21842C4F2BF
:10F5DC000205C4F2020255F8080C0DF5805E55F8D0
:10F5EC00081C0124CAF8009052F8082C089B8EF8CD
:10F5FC0040101106CDF8A0901C6000F1B08255F8B7
:10F60C00082C0120DAF800100C9CDCE27046CDF8D6
:10F61C001CE003F063F953EC182B03F00AFA0446D0
:10F62C0011980D46D0E917100691401A03F056F9BF
:10F63C0002460B462046294602F0B6FC04460D460F
:10F64C0003F0CFF953EC192B06462046294602F05D
:10F65C0035FE53EC1A2B002808BF064620462946D7
:10F66C0002F066FEDDF81CE00028DDF844C018BF8F
:10F67C004FF0FF36069832180898006800287FF47F
:10F68C0073AD0020109951F82000DCF85C50A842B2
:10F69C0043D282E07046CDF81CE003F01FF953EC26
:10F6AC00182B03F0C6F9044611980D46D0E9171033
:10F6BC000691401A03F012F902460B4620462946E1
:10F6CC0002F072FC04460D4603F08BF953EC192B37
:10F6DC0006462046294602F0F1FD53EC1A2B002871
:10F6EC0008BF06462046294602F022FEDDF81CE043
:10F6FC000028DDF844C018BF4FF0FF3606983118CB
:10F70C0008980068421E7AF56FAA0023109850F8EA
:10F71C002300DCF85C50A8423FD3DCF86040A042E8
:10F72C003BD80F9AA842CCF8540040D9A04280F0A4
:10F73C008682401BCDF81CE003F0D0F80646601B17
:10F74C00069103F0CBF80B4606990246304603F0BF
:10F75C0070F953EC1B2B02F027FC06460C4603F009
:10F76C0040F953EC192B05463046214602F0A6FD14
:10F77C0053EC1A2B002808BF05463046214602F0F0
:10F78C00D7FD0F9A2E46DDF81CE0002818BF4FF06D
:10F79C00FF36144696450FD07AE50F9A4FF0FF309E
:10F7AC00CCF8540076461446964505D070E50026F4
:10F7BC00144696457FF46CADA64200F0C08106F16C
:10F7CC00190051210122D0230F94D0240796F1F770
:10F7DC0024F804221F2302E0013C00F0C980DAF86F
:10F7EC000000DAF80010091A59290ED8DAF80010BE
:10F7FC00091A59299EBFDAF80010091A592904D898
:10F80C00DAF80010091A5A29EBD3DBF8000080074C
:10F81C000CD4DBF8000080075CBFDBF800005FEA6B
:10F82C00807003D4DBF800008007EED5CBF8042001
:10F83C00DBF80000C0070CD1DBF80000C00704BFE8
:10F84C00DBF800005FEAC07003D1DBF80000C007F2
:10F85C00EED0DBF8000000060CD5DBF8000000064B
:10F86C0044BFDBF800005FEA006003D5DBF8000062
:10F87C000006EED4DBF80400DAF80000DAF8001029
:10F88C00091A59290ED8DAF80010091A59299EBFFD
:10F89C00DAF80010091A592904D8DAF80010091AF4
:10F8AC005A29EBD3DAF80000DAF80010091A5929B2
:10F8BC000ED8DAF80010091A59299EBFDAF8001090
:10F8CC00091A592904D8DAF80010091A5A29EBD365
:10F8DC00DBF8000080070CD4DBF8000080075CBF6D
:10F8EC00DBF800005FEA807003D4DBF800008007CF
:10F8FC00EED5CBF80430DBF80000C0070CD1DBF8F8
:10F90C000000C00704BFDBF800005FEAC07003D141
:10F91C00DBF80000C007EED0DBF8000000060CD5C9
:10F92C00DBF80000000644BFDBF800005FEA006073
:10F93C0003D5DBF800000006EED4DBF80400DAF89F
:10F94C000000DAF80010091A59293FF645AFDAF829
:10F95C000010091A59299EBFDAF80010091A592902
:10F96C003FF63AAFDAF80010091A5A29E9D333E70F
:10F97C0040F618414FF48040C4F2020101220860A5
:10F98C0051210F98D023D0241930F0F746FFC6220E
:10F99C00182302E0013C00F0C980DAF80000DAF824
:10F9AC000010091A59290ED8DAF80010091A592929
:10F9BC009EBFDAF80010091A592904D8DAF8001099
:10F9CC00091A5A29EBD3DBF8000080070CD4DBF8BA
:10F9DC00000080075CBFDBF800005FEA807003D496
:10F9EC00DBF800008007EED5CBF80420DBF8000034
:10F9FC00C0070CD1DBF80000C00704BFDBF8000027
:10FA0C005FEAC07003D1DBF80000C007EED0DBF872
:10FA1C00000000060CD5DBF80000000644BFDBF844
:10FA2C0000005FEA006003D5DBF800000006EED4AE
:10FA3C00DBF80400DAF80000DAF80010091A59298A
:10FA4C000ED8DAF80010091A59299EBFDAF80010FE
:10FA5C00091A592904D8DAF80010091A5A29EBD3D3
:10FA6C00DAF80000DAF80010091A59290ED8DAF879
:10FA7C000010091A59299EBFDAF80010091A5929E1
:10FA8C0004D8DAF80010091A5A29EBD3DBF8000075
:10FA9C0080070CD4DBF8000080075CBFDBF80000AB
:10FAAC005FEA807003D4DBF800008007EED5CBF85A
:10FABC000430DBF80000C0070CD1DBF80000C007F5
:10FACC0004BFDBF800005FEAC07003D1DBF8000074
:10FADC00C007EED0DBF8000000060CD5DBF8000008
:10FAEC00000644BFDBF800005FEA006003D5DBF8DA
:10FAFC0000000006EED4DBF80400DAF80000DAF8B7
:10FB0C000010091A59293FF645AFDAF80010091A06
:10FB1C0059299EBFDAF80010091A59293FF63AAF55
:10FB2C00DAF80010091A5A29E9D333E740F61841DC
:10FB3C004FF48040C4F202010860079E0F9C0E989F
:10FB4C00C0E90064F6F75AFB0DF14C0E32200EF5AD
:10FB5C00FE430424DDF844C0139EF9F7ADBD41F615
:10FB6C008006C1B20120CFF2661640F2E63C0EE0F0
:10FB7C00109C44F82030086801300860114641F2AE
:10FB8C001842C4F2020252F8082C120612D555F88B
:10FB9C00082CDAF80030B3420CD8D2B29142EED035
:10FBAC00604507D80D990A5408990868B0F57A7F12
:10FBBC00DED3E9E255F8082CC308DAF800107C2BE8
:10FBCC000C9C00F2E1820D9B44F60005C4F200058A
:10FBDC001A54089A1068B0F57A7F80F0D582109B81
:10FBEC0043F8201044F24C21C0F60101106801309A
:10FBFC00106014A8F2F79BF8042040F229114E2251
:10FC0C001023CDF80090F1F712FD1199487DC1F841
:10FC1C0000900238C1B205294FF0020128BF0846F6
:10FC2C00C1B244F28870C0F60100DFE801F01E1981
:10FC3C000315100044F2A070C0F6010010E04FF460
:10FC4C00E376144696453FF4B7ADFFF721BB44F27B
:10FC5C00D070C0F6010003E044F2B870C0F60100A9
:10FC6C00C3681099DDE9042098470020C4F800907F
:10FC7C00C4F80890F3F700FF47F28040C1F6D22099
:10FC8C00606014AC2046F3F7A9FF2046F4F7CEFDD4
:10FC9C0028680006FCD554200DF14C0E68600EF55A
:10FCAC00FE4308990424139E612228680006FCD5A3
:10FCBC0069206860DDF844C028680006FCD56D201A
:10FCCC00686028680006FCD5652068602868000616
:10FCDC00FCD57320686028680006FCD57420686029
:10FCEC0028680006FCD56A6028680006FCD56D20E3
:10FCFC00686028680006FCD57020686028680006DB
:10FD0C00FCD52C20686028680006FCD5442068606F
:10FD1C0028680006FCD56A6028680006FCD57420AB
:10FD2C00686028680006FCD56A602868000609D45B
:10FD3C00286800065CBF28685FEA006002D4286867
:10FD4C000006F2D50A20686008680F90002839F484
:10FD5C0030AB0025B5F57A7F00F0E2800D990DF5FA
:10FD6C00A03E40F69533C0F60103485D8EF8680C52
:10FD7C0001EB85004FF260010DF5B03ECFF6FF713F
:10FD8C004058CEF8D8080DF5C87E0EF5A9300DF107
:10FD9C00D80E0EF5B4310DF1680E0EF5A63240F802
:10FDAC00042C40F673720DF1540EC0F6010240F8AB
:10FDBC000C1C026040F8083C0EF57E400A9A0DF1CE
:10FDCC00480E40F80C2C43F26022C0F60102C0F839
:10FDDC00009040F8082C2022CEF2000240F8042CAF
:10FDEC0008460EF57E419847002842D10DF1540E7D
:10FDFC0001220EF57E4050E90301CB6844F6052143
:10FE0C00C0F601019847A0BB0DF5C87E0EF5A930D0
:10FE1C000DF1480E50E901020EF57E41904740BBB2
:10FE2C000DF1540E01220EF57E4050E90301CB6812
:10FE3C0044F27841C0F601019847D0B90DF14C0E4F
:10FE4C000F99DDF844C00135139E0EF5FE433220A8
:10FE5C00A9424FF004047FF47DAFF9F72DBCDAF81A
:10FE6C000060311A914279F687AAF9F795BA00F039
:10FE7C00BCF901F0AAF8142838F48CAF1CF9003046
:10FE8C0003F07F00B3F1FF3F42EAC01201F1020020
:10FE9C0038F77AAF142838F47DAF1CF9003003F032
:10FEAC007F00B3F1FF3F42EA803201F1030038F7E3
:10FEBC006BAF142838F46EAF1CF9003003F07F00E0
:10FECC00B3F1FF3F42EA405201F1040038F75CAF56
:10FEDC00142838F45FAF1CF800000F2838F65AAF1E
:10FEEC0042EA0072481DF8F74FBF08464FF47A718A
:10FEFC0000F07BF90B2100F078F91CF901301CF8AB
:10FF0C00008003F07F01B3F1FF3F5FDD0129049511
:10FF1C00CDE902864ED000295BD14FF000084BE0B2
:10FF2C004FF47A704FF47A7100F05FF908461021A3
:10FF3C0000F05BF9052100F058F9142B38F42AAFC6
:10FF4C001CF9036006F07F03B6F1FF3F4EEAC31EB7
:10FF5C0000F1020338F75DAE142B38F41BAF1CF91B
:10FF6C00036006F07F03B6F1FF3F4EEA833E00F1DB
:10FF7C00030338F74EAE142B38F40CAF1CF90360A6
:10FF8C0006F07F03B6F1FF3F4EEA435E00F1040337
:10FF9C0038F73FAE142B38F4FDAE1CF803300F2BA2
:10FFAC0038F6F8AE4EEA037E431D13A800F5FE4C5E
:10FFBC00F8F72FBE4FF00108210A02F07F45100C14
:10FFCC004FEA122E06940591F8F77BBF831C142B75
:10FFDC004ED14FF00208F8F7DDBE1046102100F0AC
:10FFEC0004F93046052100F000F9142E38F4D2AE95
:04FFFC001CF9065096
:020000040801F1
:1000000005F07F06B5F1FF3F40EAC61003F1020696
:1000100038F716AE142E38F4C3AE1CF9065005F0AE
:100020007F06B5F1FF3F40EA863003F1030638F75B
:1000300007AE142E38F4B4AE1CF9065005F07F0656
:10004000B5F1FF3F40EA465003F1040638F7F8AD3A
:10005000142E38F4A5AE13A901F5FE45AE5D0F2EA2
:1000600038F69EAE13A940EA06705E1D01F5FE4CFF
:10007000F8F7E6BD2046152100F0BDF81CF9033065
:10008000B64603F07F06B3F1FF3F41EAC61176465C
:100090003FF742AFC31C142BA1D01CF9033003F06F
:1000A0007F06B3F1FF3F41EA863176463FF734AF32
:1000B000031D142B93D01CF9033003F07F06B3F11A
:1000C000FF3F41EA465176463FF726AF05301428F8
:1000D00085D01CF800000F283FF681AF41EA00717F
:1000E000764619E71846102100F085F81CF8010043
:1000F0000F2838F655AE511D142938F451AE46EA92
:100100000076F8F73EBE2046032100F074F8731C19
:10011000142B38F445AE1CF90330039903F07F0526
:10012000B3F1FF3F41EAC511039138F799ADB31C14
:10013000142B38F435AE1CF90330039903F07F0516
:10014000B3F1FF3F41EA8531039138F789ADF31CE4
:10015000142B38F425AE1CF90330039903F07F0506
:10016000B3F1FF3F41EA4551039138F779AD331DB3
:10017000142B38F415AE13A901F5FE46F35C102BD1
:10018000B8F40EAE069C039941EA03710391F8F7A7
:1001900067BD18464FF47A7100F02DF8282000F062
:1001A0003EFC00F051FB672100F025F884F00100CF
:1001B000F0F72AF900F071FD14A82146002201F0A1
:1001C00075FBDDE91402002380F00101204601F0F7
:1001D00071FC00F062FD5C2000F021FC312000F099
:1001E0001EFC142000F055FD1C2000F052FD67207D
:1001F000672100F000F880B56F4600F000F880B588
:100200006F4601F02DF8D4D4F0B503AF2DE9000FFF
:1002100087B0D7F80CA051B186684FF02B0B16F4BD
:10022000001108BF4FF4881B0AEB515404E08668A4
:100230000AF101044FF02D0BD7F8089031024FF06E
:100240000001059315D40691B0F80C80444525D3E0
:10025000D0E900565A46059831460090069B28463C
:1002600000F0CFFA002849D0012007B0BDE8000F08
:10027000F0BD6BB192F9005015F1410FC8BF0121DB
:10028000012B05D092F9015015F1410FC8BF013182
:1002900006920C44B0F80C804445D9D2F101CDF857
:1002A00010A00ED4C6F34171CDF80C90A8EB040356
:1002B0006FF35F560024DFE801F04C024A021C464F
:1002C00047E0D0E902515A46D0E900A60291002148
:1002D000C9F6E0710390294041F0005141F030012E
:1002E00081600598314600905046069B00F089FADF
:1002F00070B1012007B0BDE8000FF0BDF3682846DB
:100300004946524607B0BDE8000FBDE8F040184727
:10031000A8EB0400AB46002485B2A0B2A8420BD2E1
:10032000326950463021904701340028F5D0012031
:1003300007B0BDE8000FF0BDF3685046049A494687
:100340009847C0B3012007B0BDE8000FF0BD99B2D7
:100350004C08D0E9005899464FF0000AA0B21FFAA5
:100360008AF181420DD2D8F81020284631469047B4
:100370000AF1010A0028F1D0012007B0BDE8000F02
:10038000F0BD0598414600902846069B5A4600F06D
:1003900038FA20B1012007B0BDE8000FF0BDD8F851
:1003A0000C302846DDE90312984768B1012007B0F8
:1003B000BDE8000FF0BDDDE90210C0E902B1002088
:1003C00007B0BDE8000FF0BDA9EB040000241FFA40
:1003D00080F9A0B248450AD2D8F810202846314604
:1003E00090470134014601200029F2D03DE700206A
:1003F00007B0BDE8000FF0BDF0B503AF2DE9000F69
:1004000081B0C21C22F0030ABAEB000EA1EB0E0869
:1004100008F0030C01D1002245E0A0EB0A0111F124
:10042000040F02D90022002323E000F10109002279
:100430006FF0030509EB050393F9031093F90660C8
:1004400093F9054011F1410F93F90430C8BF01320F
:10045000291D13F1410FC8BF013214F1410FC8BF6C
:10046000013216F1410FC8BF013215F108030D46E4
:10047000E0D1824517D0C15611F1410FC8BF0132FA
:10048000BEF1010F0FD0184490F9011011F1410F86
:10049000C8BF0132BEF1020F05D090F9020010F181
:1004A000410FC8BF01324FEA980B0020BCF1000F8A
:1004B0001AD028F00303534493F9006016F1410F5A
:1004C000C8BF0120BCF1010F0ED093F9016016F1F5
:1004D000410FC8BF0130BCF1020F05D093F90230C3
:1004E00013F1410FC8BF0130104412E04FF0000E6D
:1004F0003FFA8EF13FFA9EF31944ABEB0C0B09EB7C
:100500008C0A1CF0030201EB014100EB114040F0AA
:100510004781BBF1000F00F07081BBF1C00FDC46DA
:1005200028BF4FF0C00CD146BBF1040FDED36FF0F3
:100530000F0101EB8C020121302A01EB1211009115
:1005400003D24FF0000E4C46AEE021F0030A4FF00C
:10055000000E4C46D4E90023BAF1040AD4E902158E
:10056000D4F814806FEA02064FEAD61646EA9212D1
:100570006FEA030622F0FE324FEAD61646EA9313DC
:10058000724423F0FE3616446FEA01024FEAD2139A
:1005900043EA911121F0FE31236931446FEA0506E7
:1005A0004FEAD61646EA951525F0FE35A669294488
:1005B0006FEA03054FEAD51545EA931323F0FE339E
:1005C000E56919446FEA08034FEAD313A26B43EAC3
:1005D0009813D4F83CE023F0FE3303EB01086FEAF4
:1005E00006034FEAD313216A43EA96136FEA05061E
:1005F00023F0FE334FEAD61646EA95159844636A0F
:100600006FEA010625F0FE354FEAD61646EA91114B
:10061000A844A56A6FEA030621F0FE314FEAD61618
:1006200046EA93138844E16A6FEA050623F0FE3335
:100630004FEAD6169844236B46EA95156FEA0106F1
:1006400025F0FE354FEAD61646EA91116FEA030609
:10065000A844656B21F0FE314FEAD61646EA9313A3
:10066000414423F0FE3304F1400419446FEA0503CA
:100670004FEAD31343EA951323F0FE3319446FEA8C
:1006800002034FEAD31343EA921222F0FE321144DE
:100690006FEA0E024FEAD21242EA9E1222F0FE32B6
:1006A00002EB010E7FF456AF009911F003083FF4FE
:1006B0001FAF94E86A00B8F1010F6FEA01024FEA38
:1006C000D21242EA91116FEA030221F0FE314FEAA1
:1006D000D212714442EA931222F0FE3211446FEAC0
:1006E00005024FEAD21242EA951222F0FE3211447C
:1006F0006FEA06024FEAD21242EA961222F0FE3266
:1007000002EB010E3FF4F4AE04F11005B8F1020F54
:100710002ECD6FEA01064FEAD61646EA91116FEA2E
:10072000020621F0FE314FEAD61646EA92127144D3
:1007300022F0FE3211446FEA03024FEAD21242EA7B
:10074000931222F0FE3211446FEA05024FEAD212F0
:1007500042EA951222F0FE3202EB010E3FF4C8AEDF
:1007600020341ECCD643F60946EA9212CD4322F03D
:10077000FE32ED0945EA911121F0FE317144114438
:10078000DA43D20942EA931222F0FE321144E243E4
:10079000D20942EA941222F0FE3202EB010EA7E6E1
:1007A0000CF0FC03012A59F823106FEA01064FEA06
:1007B000D61646EA911121F0FE3115D009EB8303DC
:1007C000022A5E686FEA06054FEAD51545EA9616D5
:1007D00026F0FE36314407D09A68D343DB0943EA5A
:1007E000921222F0FE3211443FFA81F23FFA91F167
:1007F000114401EB014100EB114001B0BDE8000FD5
:10080000F0BDF0B503AF4DF8048DD7F808801C4655
:100810000E46B2F5881F0AD033691146054698473F
:100820000146284619B101205DF8048BF0BD3CB1AA
:10083000F368214642465DF8048BBDE8F040184756
:1008400000205DF8048BF0BD80B56F46FFF7D7FC44
:10085000F0B503AF2DE9000F81B0D0F808A09346A2
:1008600088461AF0C05F00F09B805FEACA0138D466
:10087000BBF1100F54D2BBF1000F61D00BF0030C91
:100880005FEA9B034FF000015ED003F0030308F121
:1008900001096FF00305A1EB830E09EB0504043594
:1008A00094F9033094F9062094F9056013F1410F8F
:1008B00094F90440C8BF013114F1410FC8BF0131A0
:1008C00016F1410FC8BF013112F1410F0EEB0502C5
:1008D000C8BF01310432E0D12B1DBCF1000F37D16C
:1008E0004FE0C18921B308EB0B024FF0000B00234E
:1008F000454608E0F02D2CBF351DF51CAE1B01331D
:10090000B344994216D0954217D02E4615F9014BA3
:10091000B4F1FF3FF2DCE5B2E02DEBD2B51CEDE720
:10092000044640465946FFF767FD0146204628E049
:100930004FF0000B0022891A23E0CA1A891A20E01E
:100940004FF0000B00211CE00023BCF1000F18D079
:1009500018F9032012F1410FC8BF0131BCF1010F9A
:100960000FD0434493F9012012F1410FC8BF013168
:10097000BCF1020F05D093F9022012F1410FC8BF5C
:100980000131828991420BD2531ACAF341716FF33C
:100990005F5A0026DFE801F011020F111E460CE03D
:1009A000D0E900015A46CB68414601B0BDE8000FCE
:1009B000BDE8F040184799B24E08D0E900544FF016
:1009C00000090093B0B21FFA89F1814208D222696E
:1009D00028465146904709F101090028F2D014E059
:1009E000E368284641465A46984770B90098801BEC
:1009F00000261FFA80F8B0B240450BD22269284683
:100A00005146904701360028F5D0012001B0BDE8DD
:100A1000000FF0BD002001B0BDE8000FF0BD80B5B3
:100A20006F46FFF7ECFBF0B503AF2DE9000F87B081
:100A30000023166906932023CEF20003002E0593AF
:100A4000CDE9030161D05069002800F0898000EBF6
:100A50004001D2F800A09468013820F060404FEACD
:100A6000C10B4FF000084FF00009013002920190D5
:100A70000AEB09014A6832B1DDE903030968DB6862
:100A8000984700287CD109EB49003044018981B1A5
:100A9000012917D1C16804EBC101898836F8082003
:100AA000022A0DD0012A13D1426804EBC2029288B7
:100AB0000FE006EB0801498936F80820022AF1D137
:100AC000002206E0002136F80820022AEAD1F7E7E2
:100AD0004288D0E90435ADF81A20ADF8181003A902
:100AE00004EBC30254F83300059552689047002880
:100AF00046D108F1180809F10809C345B8D1DDE964
:100B000001A25068824530D33FE0D06840B394687A
:100B10000DF10C08D2F800B0002604EBC009013832
:100B200020F06040029200F1010A0BEBC6014A6816
:100B30002AB1DDE903030968DB68984700BB04EBD1
:100B4000C6054146D5E900029047C8B905F108003D
:100B500001364845E9D1029A5068824505D314E030
:100B60004FF0000A506882450FD21268DDE9030198
:100B7000CB6852F83A1002EBCA025268984720B18B
:100B8000012007B0BDE8000FF0BD002007B0BDE8B0
:100B9000000FF0BD80B56F460A4600680121BDE830
:100BA000804000F000B8F0B503AF2DE9000F89B028
:100BB00044F66A3E1546B0F57A7FC0F6010E39D389
:100BC000CDE9041549F27F65A7F1260B002342F217
:100BD000107841F27B494FF0640AC0F29805024652
:100BE000039041F25970AA42CDF2B710A2FB006CFB
:100BF0000BEB0300A3F104034FEA5C3606FB182459
:100C00003246A1B24FEA910101FB09F14FEA51418D
:100C100001FB1A443EF81110C180A4B23EF8144002
:100C20000481DED803AD0A3323CD092E06D832461F
:100C3000A8B915E00A230646092EF8D9B2B2023B3C
:100C4000940841F27B4262436424520C02FB146616
:100C5000B6B23EF81640A7F12606F45200B142B1F2
:100C600002F00F00013BA7F126020EEB4000407896
:100C7000D054A7F12602C3F10A001A440023CDE99B
:100C8000002028460122FFF7BFFA09B0BDE8000F97
:100C9000F0BD80B56F46FFF7B2FA80B56F462B20E6
:100CA000FFF7BDFECA7A036812F0180F0AD080B5AC
:100CB0006F4682B00020802B019008D201228DF86F
:100CC000043039E0D1E900010A6919461047B3F54B
:100CD000006F0BD20222184662F39F108DF80500B8
:100CE000C02040EA93108DF8040025E002201A4647
:100CF00060F39F12B3F5803F0DD28DF806209A095C
:100D000060F39F12E0208DF8052040EA13308DF843
:100D10000400032210E08DF807209A0960F39F1267
:100D20008DF806201A0B60F39F12980C8DF80520A1
:100D3000F0308DF80400042201AB08461946FFF795
:100D400087FD02B080BDF0B503AF2DE9000FB2F111
:100D5000070C38BF4FF0000C002A00F0EB80CB1CD2
:100D600044F6374823F00303C2F1000AA3EB010E57
:100D70004FF0000BC0F6010804E005F1010B9345AC
:100D800080F0D88011F90B50002D58D4AEEB0B0534
:100D9000AD0704D00BF1010BF1E70BF1200BE3459C
:100DA00027D201EB0B0551F80B606C68344314F04B
:100DB000803F1ED10BF10806664519D2D5E90243E2
:100DC000234313F0803F13D10BF1100666450FD279
:100DD000D5E90434234313F0803F09D10BF1180601
:100DE000664505D2D5E90634234313F0803FD4D0BD
:100DF000B3469345C3D211F90B30002BBFD40AEB95
:100E00000B056B1C00F0968001EB0B0696F9013088
:100E1000002BBFD4AB1C00F08D8096F90230002B64
:100E200000F18280EB1C00F0858096F90330002BE6
:100E30007DD40BF1040B1AEB0B03DCD17AE0EDB29D
:100E400018F80560042E1BD0032E0BD0022E7AD189
:100E50000BF10105954274D24B5713F1410F7FF707
:100E60008CAF70E00BF1010696426AD28E5DE02DE8
:100E700014D0ED2D1CD173B213F1610F4ADD62E085
:100E80000BF1010696425CD28E5DF02D0BD0F42D55
:100E900017D173B213F1710F1FDD54E006F0E003B8
:100EA000A02B37D04FE0A6F19003302B15D34AE0AA
:100EB000A5F1E10376B20C2B21D216F1400F29DB0C
:100EC00041E0A5F1F1034FF00109022B3DD873B2C7
:100ED00013F1400F4FF0010540DA0BF10205954286
:100EE0002FD24B5713F1410F31DC0BF10305954223
:100EF00027D24B5713F1400FFFF63FAF2BE005F021
:100F0000FE034FF00109EE2B1FD116F1400F4FF0F9
:100F1000010523DA0BF10205954212D24B5713F16A
:100F2000410F7FF72AAF12E00BF1020B27E70BF11D
:100F3000030B24E7C0E9011200210160BDE8000FA6
:100F4000F0BD00250AE04FF00109012506E001256A
:100F50004FF0020902E001254FF003095FFA89F121
:100F600045EA0121C0E901B101210160BDE8000F9E
:100F7000F0BD80B56F4684B0037844F66A3CC0F695
:100F8000010C0A2B0DD329205843020B642002FBCD
:100F90001030C0B23CF8100027F8020C01201BB939
:100FA00003E003201A4603B13AB102F07F02013890
:100FB000FB1E0CEB420252781A54C0F10302FB1ED6
:100FC00018440023CDE90002084601210122FFF761
:100FD0001BF904B080BD80B56F46FFF710F980B5EE
:100FE0006F46FFF70CF980B56F4600780A4648B1A6
:100FF00043F21C211046C0F601010422BDE88040E6
:10100000FFF726BC44F632411046C0F60101052226
:10101000BDE88040FFF71CBC80B56F46A2B00078E9
:101020000DF1080C00F00F0202F137030A2A38BF55
:1010300002F130038DF8873003090BD003F137023A
:10104000A02838BF03F130020CF17E008DF8862015
:10105000022202E00CF17F000122CDE9000244F6F9
:1010600068320846C0F6010201210223FFF7CCF8DE
:1010700022B080BDF0B503AF2DE9000F8BB0D0E9F1
:10108000005444F66A3A8C46C0F6010AB5F57A7007
:1010900074F1000043D349F27F690DF1180BC0F2DF
:1010A00098094FF000082646CDF814C0CDE9034555
:1010B0002846314642F21072002301F0D5FE42F27A
:1010C000107241F27B4400FB125293B29B086343BF
:1010D00064245B0C03FB14220BEB08043AF8133076
:1010E000A8F10408238292B23AF812206282B9EB86
:1010F00005024FF000020546B2410E46D8D30DF16D
:101100000C0C08F114029CE830100023D0F1090601
:101110008B410CD3034655EA04001BD11DE0142279
:10112000284621460023D0F109068B41F2D281B234
:1011300041F27B438908023A59434B0C642103FB7B
:10114000110006A980B23AF810008852002155EA31
:10115000040002D053EA010007D003F00F00013A67
:1011600006A90AEB40004078885406A9C2F1140091
:1011700011440122CDE90010604601210023FFF750
:1011800043F80BB0BDE8000FF0BDB0B502AFA2B0A0
:101190008C4601680DF1080E8020812201F00F03BA
:1011A00003F137040A2B38BF03F130040EEB0203BE
:1011B00003F8024C0C0927D004F00F0404F13705A2
:1011C0000A2C38BF04F130050C0A03F8035C1ED06A
:1011D00004F00F0404F137050A2C38BF04F1300580
:1011E0000C0B03F8045C15D004F00F04043A04F16E
:1011F00037050A2CA0F1040038BF04F13005090CB2
:1012000003F8055CCAD107E0901E013A04E00238F9
:10121000023A01E00338033AC2F1810144F6683230
:101220007044C0F60102CDE90001604601210223AD
:10123000FEF7EAFF22B0B0BD80B56F460A460168EE
:101240000029084648BF4842C943C90FBDE880404D
:10125000FFF7A9BC80B56F46FEE780B56F4680BD3D
:1012600080B56F46FEE7F0B503AF2DE9000F87B0FC
:10127000D7E902BADB0708BF8B46BAF1000F08BFF7
:10128000002B25D04DF6836348F27F4CC4F21B330C
:10129000C0F21E0C01EB0C04A1FB0365BBF1000FB7
:1012A000A4FB033600F0B18105904FF680104FEAA1
:1012B0009548C0F23730F50C8345069219D94CF6A3
:1012C0000042C1F6BF12B2FBFBF222F0010E12E0A7
:1012D0000221016043F2100043F60401C2F2004013
:1012E000C4F2020162F39650086007B0BDE8000F37
:1012F000F0BD4FF0080E0EFB0BF9BAF1000FCA4615
:101300001CBF46F6004AC0F2DC2A454500F27F8148
:101310004FF000020CF1010338BF01229C42C0F0E3
:1013200074818D4200F2718144F240204545C0F243
:101330000F002CD2AC18444529D8B1FBF5F2444536
:10134000BAFBF2F303FB12A213D2002C00F05D8172
:101350008C4200F25A81B1FBF4F6631CBAFBF6FC36
:101360000CFB16A696423CBF3246254698451C46C5
:10137000EBD18142C0F04981B1FBF8F3BAFBF3F63F
:1013800006FB13A3934203D3A8460DB93DE1A8463B
:10139000B1FBF8F1FC68A1F57422431CA2F51072B0
:1013A0009A4280F02F81002C00F0E680BEF1000F01
:1013B00000F02B814FF2004244F62513C1F20642A1
:1013C0004BF20009B2FBF1F2C2F2924302FB01F0D0
:1013D00041F60042C0F64E62C0F67139B2FBF1F23E
:1013E0004A434FF0000C0390A0FB0330B9FBF1F32C
:1013F00003FB01F548F60003C1F22A13B3FBF1F336
:10140000049003FB01F0B5FBFEF3BBEB030643F2D4
:10141000343348BF7642C3F23333A2FB0334019026
:101420004AF6AB23B2FBFEF2C2F6AA23A0FB0330BE
:10143000BBEB02024FF00003029048BF5242B2429F
:10144000B8BF0123B4EB950F88BF4FF0010CAD0876
:10145000AC4208BF9C46BCF1000F1FBF41F60049DB
:10146000C0F64E692546164601984CF60043002208
:10147000B0FBFEF0C1F6BF13BBEB00044FF0000061
:10148000B3FBF1FA48BF6442B442B8BF0120029BEB
:101490000AFB01FA9D4238BF012208BF024646F20C
:1014A0000000C1F2E360002AB0FBF1F01CBF48F677
:1014B0000009C1F22A191CBF1D46264600FB01FC8B
:1014C00003980023B0FBFEF0BBEB00044FF00000DC
:1014D00048BF6442B442B8BF0120049A954238BF65
:1014E000012308BF03464CF21D70C1F67140002B6A
:1014F000AAFB00031CBF4FF20049C1F20649BCFB26
:10150000FEF003931CBF15462646BBEB00044FF0CC
:10151000000048BF6442B442B8BF0120B5EBDC0F05
:101520004FF00003524638BF01234FEADC0A55450D
:1015300008BF0346002BB2FBFEF01FBF46F20009B6
:10154000C1F2E3694FEADC052646BBEB000248BF67
:1015500052420020B242B8BF0120039AFC68954273
:101560004FF0000238BF012208BF0246002A1CBF0C
:101570004CF60049C1F6BF1946F60043B9FBF1F23B
:10158000C0F2DC2302FB0136013E9E423DD349F608
:1015900081734FF00050C1F25E63A6FB0336069BD9
:1015A000002B4FF4403303EBCE3318BF4FF0015004
:1015B00003F44033BEF1000F184408F03F03184411
:1015C00047F6C07303EA8213184406F0707340EACA
:1015D000830043F60403C4F20203186015D002FB33
:1015E00001F0059BB10DB0FBF1F1B0FBFEF0012263
:1015F000C3E90241C3E90020C3F8108007B0BDE889
:10160000000FF0BD3B20FFF70AFAFFF7E4FCFFF7FD
:1016100044FBF0B503AF2DE9000F85B0002A00F0C0
:1016200029810190B1FBF2FEB86899464FEA5E0845
:101630008A420092029125D90220A9FB0026002EA1
:1016400000F01881BA680130904277D0A9FB0026DB
:10165000002E00F00F81BA68013090426ED0A9FBD5
:101660000026002E00F00681BA680130904265D055
:10167000A9FB0026002E00F0FD80BA6801309042E0
:10168000DBD15BE04EF6013141F60073C0F1000A98
:101690004FF0020C0622C1F2C931CFF60A23CDE980
:1016A0000389101FA9FB000434B94044B0FBFEF5C8
:1016B00005FB0E3088426CD30AEB020003283DD0B4
:1016C000D61EA2F1020BA9FB065494B945448946E3
:1016D00041F60071B5FBFEF5CFF60A2141F6007325
:1016E00005FB0E18CFF60A234946C845DDF80C80E5
:1016F00054D3DDF81090022820D0A9FB0B56002E01
:10170000A2F1010606D14544B5FBFEF505FB0E34FA
:101710008C4248D3012811D0A9FB06040CF1040621
:1017200034B94044B0FBFEF505FB0E3088423FD390
:101730000432B4460AEB02000428B2D14346D7F87B
:101740000880A9FB0802EAB9009C02998C4200F2C9
:10175000918018444EF60131B0FBFEF541F6007061
:10176000CFF60A20C1F2C93105FB0E00884209D22A
:1017700005FB0EF0B0FBF8F2B2EB090C48BFCCF160
:10178000000C7FE000200199086005B0BDE8000F63
:10179000F0BD894663464CF001060CE005FB0EF0F7
:1017A00033465E4609E0894605FB0EF05B4604E0E1
:1017B00089460CF1030305FB0EF0B0FBF3F204982D
:1017C000D7F80880B2EB000B48BFCBF1000B4345C4
:1017D00052D2DC464645029226D30498A0FB08026A
:1017E000002A60D10399009C0844B0FBFEF241F648
:1017F0000070CFF60A2002FB0E00484540D202FBE3
:101800000EF00499B0FBF8F0411A48BF494259451F
:1018100038BF8C46029936BF0146984615460A469F
:1018200030E00136B045D8D00498A0FB0602002A6B
:10183000F7D103990844B0FBFEF241F60070CFF6F1
:101840000A2002FB0E004845EBD29EB102FB0EF0CF
:101850000499B0FBF6F0441A48BF64425C4538BFB7
:10186000A446029938BF014602913EBFA3463346C3
:101870001546D6E7FFF7AFFB9846DC46009C01E033
:101880009846029A2004A9B23FFA80F040EA086024
:10189000084401990B1D83E805100120086005B07C
:1018A000BDE8000FF0BD9846009CEAE7F0B503AF35
:1018B0002DE9000F9FB08046D007039300F0ED8024
:1018C00089464DF68361C4F21B31A9FB012048F221
:1018D0007F42C0F21E024A44A2FB0112D60CB6EBB4
:1018E000904F00F2E4804FEA904A0720039B49465C
:1018F000009013A83246FFF78CFE139A56454FF01E
:1019000000014FF0000C38BF0121002A00F0CC800C
:10191000169A5645159CCDE9072C0DF11C0C9DF827
:1019200052309DF85300BDF850E00C928DF82F0016
:101930008DF82E30ADF82CE0CDE9093480F08680AA
:1019400006EB010BD34500F28180CDF808800DF144
:101950004C089CE87D000DA97DC13FD2039B072068
:101960000090404649465A46FFF753FE1398002818
:1019700000F09A809DF853000DAC059045461598EF
:10198000CE4606900BF1010BBDF850000490504676
:101990009DF85230169E94E8061785E80617824691
:1019A0000DF14C08059800218DF87700C446049885
:1019B000F146ADF874000698CDE919610DA91E969F
:1019C000CDE91B3013988DF87630864238BF0CF184
:1019D000180C9CE87D00DA457DC1BFD10DF14C0BA0
:1019E000039B07204946009058465246FFF711FED8
:1019F0001398002858D015980DAA06905D469DF8BA
:101A000052909DF853E0BDF85080DDF858A092E860
:101A10005B1085E85B1000210DF1340C0698CDF8C1
:101A200078A08DF877E0CDE91B9013988DF876902B
:101A30008245ADF87480CDE919A138BF0BF1180BC0
:101A40009BE87E0060467EC0DDF808809CE84F0081
:101A50000DF14C0C8CE80F0043F60400C4F20200B8
:101A6000056888E80E00310C61F3050547F6C07182
:101A700006F0E06201EA8611056041EA021148F2CF
:101A80003F02D0F88030C8F6FF721A401144C0F807
:101A900080101FB0BDE8000FF0BD0120C8F80000A5
:101AA0001FB0BDE8000FF0BD2520FFF798FA2720F2
:101AB000FFF795FAF0B503AF2DE9000F87B0BE68C8
:101AC0000546C80709D0D80767D002A8294633467B
:101AD00000F098F802AB0FCB67E0D8075DD04DF669
:101AE0008361C4F21B31A5FB012048F27F42C0F2A2
:101AF0001E022A44A2FB0112D40CB4EB904F7ED8F4
:101B00004FEA904802A829462246334600F07AF868
:101B100002990020444538BF012002296FD0DDE939
:101B200003294445059B3DD2044444453AD8DDF899
:101B300018A09B46CDE9008190461DD202A82946F7
:101B40002246334600F05EF828463546069E0134AC
:101B5000DDE902C1DDE90423564538BFB2462E4611
:101B600005463EBF9B4691468846019838BF604671
:101B700001900098A042E1D1009A02A8294633467C
:101B800000F040F802AE4FCE564522BF5B464A46B3
:101B90004146019E28BF304607E0012007B0BDE85E
:101BA000000FF0BD084611464A4643F68C064FF436
:101BB000F85505EB0323C4F202063668150C1B0A20
:101BC00063F30C2643F68C03C4F202031E6053F841
:101BD000886C65F3050643F8886C02F0706653F86C
:101BE000045C62F38E1648F23F02CFF2FF022A40F5
:101BF000324443F8042C07B0BDE8000FF0BD2720A5
:101C0000FFF7EDF9F0B503AF2DE9000F8BB007AD8D
:101C1000039058001C468B464FF000084FF0020A14
:101C20004FF00F090692029004EB0806069A284628
:101C300059463346CDF80090FFF7EBFC0798B0B952
:101C40000AF1010AB046BAF1210FEDD10F20069A30
:101C5000009007A863015946FFF7DBFC07980128AD
:101C600061D1DDE908932022DDF8288051E0DDE92B
:101C70000893AAF101020A9E1F2A01D9B04648E042
:101C8000BAF1200F04931AD11F20B04605900F20FF
:101C9000069A009007A863015946FFF7BAFC079817
:101CA000012834D108AA07CAB24238BF9046049B23
:101CB0003CBF0B468146059A38BF202229E0029896
:101CC000059200EB0805B04605E00AF1010A25443B
:101CD000BAF1200FDBD00F20069A009007A85946D2
:101CE0002B46FFF796FC07980128EED108AA07CAF1
:101CF000B24238BF9046049B38BF0B460599049307
:101D000038BF514605913CBF81461646DDE7DDE907
:101D100004320399002081E80902C1E903280BB0CD
:101D2000BDE8000FF0BD2720FFF759F972B67047E4
:101D300062B67047012101EB50000138FDD17047B8
:101D4000BFF34F8F7047EFF310807047042A08D31A
:101D5000B0B502AFA2F1040E0EF00C040C2C06D1AB
:101D600021E00B4684466046194600F03AB80B461F
:101D7000844653F8045B1EF00C0F4CF8045B07D04C
:101D80004B68042C436007D1083A0831083008E05A
:101D900060461946724606E08B680C3A83600C3147
:101DA0000C3084460B46BEF10C0F14D384460B4610
:101DB0001868103ACCF80000032A5868CCF80400E0
:101DC0009868CCF80800D86803F11003CCF80C0030
:101DD0000CF1100CECD8BDE8B0406046194600F09C
:101DE00000B8F0B503AF2DE90007102A1ED3434217
:101DF00003F0030800EB0803984233D2A8F1010C6A
:101E0000B8F1000F06460D461AD00D46064615F8E5
:101E100001EBB8F1010F06F801EB11D04E78B8F1E3
:101E2000020F467008D18D1C861C09E084460CEB1D
:101E300002039C453ED36AE08E78CD1C8670C61C9A
:101E4000BCF1030F0ED3043D043E15F8044F06F811
:101E5000044F6C787470AC78B470EC78F470341D06
:101E60009C42F2D1A2EB080E41442EF0030203EB98
:101E7000020C8C0758D1634515D20C46256843F8EF
:101E8000045B63450FD2656843F8045B63453EBF5E
:101E9000A56843F8045B634505D2E568103443F850
:101EA000045B6345EAD311440EF003020CEB02031A
:101EB0009C452CD2A2F1010E12F0030413D00A4665
:101EC000654612F8016B012C05F8016B0DD04A78BC
:101ED000022C8CF801201DD18A1C0CF10205BEF1E8
:101EE000030F05D213E065460A46BEF1030F0ED379
:101EF000111F2A1F11F8046F02F8046F4E785670F4
:101F00008E789670CE78D670161D9E42F2D1BDE8BE
:101F10000007F0BD8A780CF103058CF80220CA1C7A
:101F2000BEF1030FE4D2F2E76345BCD2182421F0DE
:101F3000030604EAC108CC00C4F10009346806F1C4
:101F4000080509F0180955F8046C24FA08FA06FA8D
:101F500009F444EA0A0443F8044B6345A3D22C680D
:101F600026FA08FA04FA09F646EA0A0643F8046B68
:101F700063453FBF6E6824FA08FA06FA09F444EA9A
:101F80000A043CBF43F8044B6345BFF48CAFAC6814
:101F900026FA08FA103504FA09F646EA0A0643F862
:101FA000046B6345CFD37EE780B56F46BDE88040C4
:101FB000FFF717BF80B56F46BDE8804000F000B85E
:101FC000F0B503AF2DE9000F83B083EA0106C1F33A
:101FD0000A5506F000460296C3F30A5640F2FF7413
:101FE000B6EB04089B468A464FF00009019669F15A
:101FF0000006B5EB040C4FF60204009569F1000EE3
:10200000CFF6FF74BCEB04056FF31F5B6FF31F5A31
:102010007EF1FF353DD3B8EB04044FF0FF35AE4100
:1020200037D3D3024FEACB2545EA5252A3FB00C671
:1020300042F000424AF4801400214FF0000EE2FB0F
:102040000061A3FB0403851951EB03004EF100036B
:10205000E2FB0403D902DDE90021114401EB09068A
:1020600024D4690041EADC72590041EAD07340008F
:102070004FEA4C0C40EAD570A6F2FF3640F2FE71F2
:102080008E421ADC012E41DB6FF31F5343EA0653E5
:102090008DE040F2000921F000444642C7F6F07995
:1020A00079EB040617D241F40021B3E0A6F2FE3624
:1020B0002A4640F2FE718E42E4DD029840F0E04094
:1020C00040F07F60002140EC101B51EC100B03B07E
:1020D000BDE8000FF0BD23F00041564279EB010648
:1020E00009D243F4002040EC102B51EC100B03B04C
:1020F000BDE8000FF0BD84EA0903034374D152EA3E
:10210000010077D0029840EA0900DBE7C6F101053B
:102110003F2D7DD806F13F016FF01E04A4EB0608A9
:1021200016F11F0BC5F1200603FA01FE20FA08F490
:1021300044EA0E0958BF00FA0BF901962CFA05FA89
:1021400002FA06F62CFA08F44AEA060E02FA01FA36
:1021500044EA0A040CFA01F658BF0CFA0BF458BF13
:10216000002600FA01F146EA040658BF0021002EBD
:1021700018BF0126B5F1200458BF22FA04FE41EA37
:102180000E0120FA05F041EA060C019903FA01F16B
:1021900040EA010058BF23FA04F022FA05F123FABD
:1021A00005F358BF002141EA090258BF00230299F4
:1021B0004FF000460B43DCF1000176EB020101D247
:1021C000013007E082EA060151EA0C0104D100F077
:1021D0000101401843F1000343EC100B51EC100BCC
:1021E00003B0BDE8000FF0BD81EA0903134309D134
:1021F000204387D19FED320B51EC100B03B0BDE8AB
:10220000000FF0BD50EA040318BF52EA010309D1E0
:102210000299002041EC100B51EC100B03B0BDE80B
:10222000000FF0BD4FF0000CB4F5801F4FF0000917
:102230001FD2B0FA80F6BAF1000F06F1200618BFDF
:10224000BAFA8AF606F1350505F03F05C6F10C0924
:10225000C5F120030AFA05F420FA03F343EA040A5D
:10226000B5F1200358BF00FA03FA00FA05F058BF91
:102270000020BCEB115F7FF4D4AEB2FA82F1BBF167
:10228000000F01F1200118BFBBFA8BF101F13503FA
:1022900003F03F03A9EB0101C3F1200501F10C0993
:1022A0000BFA03F622FA05F545EA060BB3F1200610
:1022B00058BF02FA06FB02FA03F258BF0022B0E64A
:1022C000000000000000F87FF0B503AF4DF804BD3A
:1022D0008446002421F0004EDCF10005C7F6F074BE
:1022E0004FF0000074EB0E0516D323F00045564264
:1022F000AC4111D342EA0C0045EA0E0630430ED041
:1023000003EA0100B0F1FF3F0DDDBCEB02024FF02C
:1023100000009941A8BF01205DF804BBF0BD012079
:102320005DF804BBF0BDB2EB0C024FF0000073EBA4
:102330000101A8BF01205DF804BBF0BDF0B503AFFB
:102340004DF804BD8446002421F0004EDCF1000568
:10235000C7F6F0744FF0000074EB0E0517D323F0AE
:1023600000455642AC4112D342EA0C0445EA0E063F
:1023700026430CD003EA0100B0F1FF3F0ADDB2EBC7
:102380000C024FF0000073EB0101B8BF01205DF8B3
:1023900004BBF0BDBCEB02024FF000009941B8BF96
:1023A00001205DF804BBF0BDF0B503AF2DE90007D7
:1023B00059EC108B5AEC115B404649462A4653466D
:1023C00000F015F8002854462E46284651462A4665
:1023D00053461CBF4C46464600F02DFD00281CBF4E
:1023E0004C46464644EC106BBDE80007F0BDF0B526
:1023F00003AF4DF804BD8446002421F0004EDCF10B
:102400000005C7F6F0744FF0000074EB0E0516D30C
:1024100023F000455642AC4111D342EA0C0445EA90
:102420000E0626430BD003EA0100B0F1FF3F09DDA1
:10243000BCEB02024FF000009941B8BF01205DF8EB
:1024400004BBF0BDB2EB0C024FF0000073EB0101D6
:10245000B8BF01205DF804BBF0BD80B56F46BDE894
:10246000804000F001B8D4D4F0B503AF2DE9000FDF
:1024700040F2000921F00045C8F2100943EC112B8D
:1024800041EC100B23F0004805EB0906441E4FF009
:10249000010C76EB09065FD308EB0906B2EB0C04DE
:1024A00076EB090658D3861A964675EB08061C4645
:1024B00088463FBF864610460C4698464546C8F3B8
:1024C0000A5C6FF31F55C4F30A59BCF1000F62D0C8
:1024D0006FF31F54B9F1000F00F0828083EA010A04
:1024E000E10041EA5E71EA0041F4000142EA507BFA
:1024F0004FEACE05CC4500F09680ACEB0906402EA5
:1025000080F08F80724202F03F02C2F12003B2F1EC
:10251000200401FA02FE05FA02F225FA03F343EA67
:102520000E0358BF05FA04F358BF00221A4325FAD8
:1025300006F3C6F1200518BF012201FA05F52B4369
:10254000B6F1200558BF21FA05F343EA020521FA46
:1025500006F158BF002166E040F2000E4442C7F683
:10256000F07E7EEB050408D245F4002141EC100B0F
:1025700051EC100BBDE8000FF0BD54427EEB080497
:1025800080F0EA8048F4002040EC102B51EC100B56
:10259000BDE8000FF0BDB0FA80F2002D02F1200A74
:1025A00018BFB5FA85FA0AF1350606F03F06B6F10E
:1025B000200205FA06FCC6F1200520FA05F545EAD9
:1025C0000C05CAF10C0C58BF00FA02F500FA06F02F
:1025D00058BF00206FF31F54B9F1000F7FF47EAF96
:1025E000BEFA8EF2002C02F1200A18BFB4FA84FA67
:1025F0000AF1350606F03F06B6F1200204FA06F9A4
:10260000C6F120042EFA04F444EA0904CAF10C09C4
:1026100058BF0EFA02F40EFA06FE58BF4FF0000E35
:102620005CE700210125C4004BF4000608F00040DF
:10263000BAF1FF3F0DDD2A197141CB0130D55FEAB8
:10264000510105F001034FEA32020CF1010C1A436B
:1026500026E0621B66EB010152EA010300F099805B
:102660000023B3EBD15F1BD1B2FA82F3002903F14F
:10267000200318BFB1FA81F3A3F10806C3F12805BE
:10268000ACEB060CB140283B22FA05F541EA050106
:1026900058BF02FA03F102FA06F258BF00220FE017
:1026A00040F2FE739C450BDD40F0E040002140F01D
:1026B0007F6040EC101B51EC100BBDE8000FF0BD2B
:1026C000BCF1010F2DDAACF1010303F03F03C3F1BC
:1026D000200501FA03F622FA05F52E43B3F1200591
:1026E00002FA03F358BF02FA05F658BF002333433A
:1026F000CCF1010606F03F0618BF0123C6F1200504
:102700004FF0000CF24001FA05F52A43B6F120051E
:1027100058BF21FA05F242EA030221FA06F158BF36
:102720000021D30843EA4173C1F3D30141EA0C51BC
:10273000084302F00701042901D9013303E004D161
:1027400003F001015B1840F1000040EC103B51EC3C
:10275000100BBDE8000FF0BD85EA0E0404431FD145
:102760009FED210B4240BCF1010683EA010382EA9E
:10277000060269F58016734055EC104B1A431CBFD6
:102780000D46044645EC104B51EC100BBDE8000F14
:10279000F0BD9FED130B51EC100BBDE8000FF0BD29
:1027A00088EA0E06164308D1B0EE410AF0EE610A3F
:1027B00051EC100BBDE8000FF0BD50EA050604D047
:1027C00052EA08067FF46FAED2E6B0EE410A52EA52
:1027D0000806F0EE610A7FF4CBAE10401940C5E662
:1027E0000000000000000000000000000000F87F72
:1027F00080B56F4682B043EC102B8DED000B9DF839
:102800000730009A83F080038DF80730019B02B0F7
:10281000BDE88040FFF728BEB0B502AF10293FD316
:10282000424202F003054219904220D2A5F1010C68
:102830008DB1002386460EF8013B012D07D0437071
:10284000022D1ABF837000F1030E00F1020EBCF1DD
:10285000030F04D20BE08646BCF1030F07D3AEF1A1
:102860000400002340F8043F041D9442FAD1491BA0
:1028700021F003001044824210D2002342F8043BAE
:1028800082420BD242F8043B82423CBF42F8043BF6
:10289000824203D242F8043B8242EFD301F00301AB
:1028A000421890421FD24B1E11F003040CD04FF07F
:1028B000000C014601F801CB012C0AD0022C80F853
:1028C00001C003D1811C04E0014602E000218170B7
:1028D000C11C032B38BFB0BD081F002140F8041FE6
:1028E000031D9342FAD1B0BDE8B1B0FA80F1C1F155
:1028F0000B03B1F10B0220FA03F358BF00FA02F305
:1029000040F21E42A2EB010201F1150103EB02525B
:1029100000FA01F0A2F5801258BF002042EC100B23
:1029200051EC100B704780B56F469FED030BBDE86F
:10293000804051EC100B70470000000000000000C8
:1029400080B56F46042906D3A1F1040C0CF00C03EA
:102950000C2B02D118E0024623E04FF0000E024695
:1029600042F804EB1CF00C0F06D0042BC0F804E076
:1029700005D10839083006E01046614604E000221F
:102980000C3982600C300246BCF10C0F09D30023D5
:1029900002461039C2E90033C2E90233103203297A
:1029A000F7D85018824221D2A1F1010C11F0030393
:1029B0000CD04FF0000E114601F801EB012B0AD0AC
:1029C000022B82F801E003D1911C04E0114602E0E1
:1029D00000219170D11CBCF1030F38BF80BD0439B8
:1029E000002241F8042F0B1D8342FAD180BD80B52F
:1029F0006F460022C3F6F07291423CBF002080BDBA
:102A00000022C4F2F01291420BD21E22400DA2EB22
:102A1000115240EAC12002F01F0240F00040D040B5
:102A200080BD024600230020013AC7F6F0739941A9
:102A300038BF0120002818BF4FF0FF3080BD80B59F
:102A40006F4641EC100B43EC112B00F005F851ECF4
:102A5000100B80BDD4D4D4D4F0B503AF2DE9000F52
:102A600082B050EC108B40F2FF7556EC119B0024A5
:102A700086EA0001C0F30A5301F0004AC6F30A5186
:102A8000A3EB010C491B64F100025B1B0CF2FF3548
:102A9000B646834601954FF6020564F10004CFF671
:102AA000FF755B1B6FF31F5E6FF31F5B74F1FF33EA
:102AB000C0F08380491B4FF0FF3372EB03017CD3DE
:102AC000CDF800A04EF4801E4FF23331C7F204510E
:102AD00000264FEACE204BF4801C40EA59504FEAC2
:102AE000480A091A4FEA4C0444EAD874A0FB0123AF
:102AF0005A42A2FB0112C90F41EA4201A1FB002385
:102B00005A42A1FB0212C90F41EA4201A1FB002374
:102B10005A42A1FB0212C90F41EA42014FEAC922FF
:102B20000139A2FB01230022E0FB0136D3F10100B1
:102B300062EB0603A1FB0336A0FB0101760046EA27
:102B4000D376C00F40EA410010EB430046EBD17151
:102B5000E13861F10006A0FB0A350023E6FB0A53C9
:102B6000A0FB0401401953EB010042F10003E6FB16
:102B70000403B3F5001F32D2A9FB0012019E4FEAF5
:102B80004855D04609FB0322DDF800A0013ED1F1F3
:102B9000000BA4460EFB002265EB020240F2FE7120
:102BA0008E4232DD4AF0E04040F07F60002140EC90
:102BB000101B02B0BDE8000FF0BD002120F0004264
:102BC000D8F10003C7F6F07171EB020329D240F48B
:102BD000002040EC108B02B0BDE8000FF0BD5FEAB2
:102BE00053034FEA08544FEA3000DDE900A6A0FB8A
:102BF000091200FB0E22D1F1000B03FB092264EB4A
:102C0000020240F2FE718E42CCDC002E28DD510023
:102C10006FF31F5341EADB7143EA06534FEA4B025D
:102C200053E026F00040D9F1000371EB000307D216
:102C300046F4002040EC109B02B0BDE8000FF0BD50
:102C400082EA010353EA080356D1484050EA0900DA
:102C500040F0B6809FED640B02B0BDE8000FF0BD00
:102C600016F1340F4DDBC6F101016FF01305C1F110
:102C70002002AD1BC84003FA02F210436FF01E029F
:102C800028FA05F5921B58BF23FA02F0A9FB00248D
:102C900023FA01F358BF002309FB034106F1340472
:102CA0000EFB0011490041EAD27B0CFA04F12943E2
:102CB00016F1140558BF08FA05F108FA04F558BFD3
:102CC0000025B5EB420261EB0B01461C00F001044C
:102CD00043F10005121941F10001B9EB02027EEB4C
:102CE000010124BF06461D4645EA0A0040EC106B70
:102CF00002B0BDE8000FF0BD80EA010353EA09030A
:102D000006D100204AEC100B02B0BDE8000FF0BD68
:102D100058EA020357D059EA000351D0B2F5801F98
:102D200023D2B8FA88F1BBF1000F01F1200118BFDE
:102D3000BBFA8BF101F1350202F03F02ACEB01016D
:102D4000C2F1200401F20B410BFA02F328FA04F459
:102D500044EA030BB2F1200358BF08FA03FB08FA58
:102D600002F858BF4FF0000801910021B1EB105F4D
:102D7000CDF800A07FF4A6AEB9FA89F0BEF1000F3D
:102D800000F1200018BFBEFA8EF000F1350101F00D
:102D90003F01C1F120030EFA01F229FA03F343EADD
:102DA000020EB1F1200258BF09FA02FE09FA01F938
:102DB00058BF4FF00009019908440C38019081E692
:102DC0004AEA0100F2E69FED080B50EA09004FF0D5
:102DD000000150EC102B1CBF50460A4640EC102B53
:102DE00002B0BDE8000FF0BD000000000000F87F59
:102DF000F0B503AF2DE900075AEC104B59EC118BDD
:102E00002046514642464B46FFF7F1FA0028564607
:102E1000254620465146224653461CBF4E4645464F
:102E200000F009F800281CBF4E46454646EC105BF2
:102E3000BDE80007F0BD80B56F4640F2000C21F000
:102E400000414042C7F6F07C7CEB01003CBF012012
:102E500080BD23F0004152424FF000007CEB0101A5
:102E600038BF012080BDD4D410B584B002AC00942A
:102E700000F004F8029A039B04B010BD80B56F46C1
:102E800086B0844602A8CDE9002362460B4600F0D6
:102E90000DF8D7F808C0DDE90201BCF1000F1CBF36
:102EA000DDE90432CCE9003206B080BDF0B503AFF5
:102EB0002DE9000BD7E902E8BEF1000F72D0B8F19E
:102EC000000F6FD1002B00F0FC80734580F007816C
:102ED000B3FA83F1BEFA8EF6711A01F1200608BF2B
:102EE0001F26C6F1200508FA06F10EFA06F82EFA9A
:102EF00005F52943B6F1200506F01F0658BF0EFA66
:102F000005F14FF0010505FA06FC4FF0000558BF2A
:102F10004FF0000808E0224633464FEA181444EA0E
:102F200001784FEA1C1C0909B2EB080463EB0106A7
:102F3000002E03D445EA0C0502D12DE014461E46AE
:102F40005FEA51034FEA3802A21A66EB0303002B33
:102F500004D445EA5C05144602D11DE022463346FE
:102F60004FEA980444EA8174141B63EB9106002E27
:102F700003D445EA9C0502D10EE014461E464FEAF2
:102F8000D80242EA4172A21A66EBD103002BC2D4E6
:102F900045EADC051446C0D1B4FBFEF101FB1E4638
:102FA000294392E0B2EB0E064FF0000173EB0806E6
:102FB0007CD3002B7AD0B3FA83F1B8FA88F6711A71
:102FC00001F03F0601F01F01C6F1200408FA06F5E2
:102FD0000EFA06FC2EFA04F42C43B6F1200558BF75
:102FE0000EFA05F44FF0010505FA01F94FF0000162
:102FF00058BF4FF0000C08E032462B464FEA1C1633
:1030000046EA047C4FEA19192409B2EB0C0673EB6B
:10301000040507D4B6EB0E0241EA090175EB08027C
:1030200002D23AE016461D465FEA54034FEA3C02DC
:10303000B21A75EB030309D4B2EB0E0541EA59014C
:1030400073EB080516461D4602D226E032462B4693
:103050004FEA9C0545EA8475561B63EB9405002DE9
:1030600007D4B6EB0E0241EA990175EB080202D2D1
:1030700013E016461D464FEADC0242EA4472B21AD9
:1030800065EBD403002BB7D4B2EB0E0541EAD901AE
:1030900073EB080516461D46B0D24FF0000CC0E990
:1030A000001CC0E90265BDE8000BF0BD4FF0000C4C
:1030B00016461D46C0E9001CC0E90265BDE8000BCC
:1030C000F0BDB2FBFEF101FB1E264FF0000C002507
:1030D000C0E9001CC0E90265BDE8000BF0BD0DD1E0
:1030E000B2FBF3F1002501FB13264FF0010CC0E900
:1030F000001CC0E90265BDE8000BF0BDB3FBFEFC9F
:10310000BEF5803F0CFB1E351AD22904002541EA8A
:103110001241B1FBFEF303FB0EF14CEA134CC1EB81
:103120001241C2EA0141B1FBFEF202FB1E1642EA65
:103130000341C0E9001CC0E90265BDE8000BF0BD19
:10314000B2EB0E0175EB080108D200211646C0E96A
:10315000001CC0E90265BDE8000BF0BD4FEAC87174
:1031600041EA5E034FEACE794FF00048002108E0C3
:10317000224635464FEA191444EA03794FEA1818F3
:103180001B09B2EB090465EB0306002E03D441EAE8
:10319000080102D12DE014462E465FEA53054FEA9E
:1031A0003902A21A66EB0505002D04D441EA580144
:1031B000144602D11DE0224635464FEA990444EAFE
:1031C0008374141B65EB9306002E03D441EA980127
:1031D00002D10EE014462E464FEAD90242EA43726B
:1031E000A21A66EBD305002DC2D441EAD8011446D9
:1031F000C0D1B4FBFEF2002502FB1E461143C0E91C
:10320000001CC0E90265BDE8000BF0BD80B56F464B
:04321000FEE7D4D42D
:10321400343830304D49534F747275653234303020
:10322400CE94543A31383030393630304E6F6E6582
:1032340055415254313230304576656E4D4F5349C5
:103244004D6F6465000000000C00000004000000E5
:10325400614F00081D030008F3030008000000008C
:103264000100000001000000050200085B020008E4
:10327400DD03000800000000000000000000000062
:1032840000000000000010101010101010001010AA
:1032940000000000002424240000000000000000BE
:1032A4000000000000002424247E24247E242424FE
:1032B400000000000010107C9290907C1212927C0E
:1032C400101000000000649468081010202C524C68
:1032D40000000000000018242418304A4444443AF2
:1032E40000000000001010100000000000000000AA
:1032F40000000000000008102020202020201008DA
:103304000000000000002010080808080808102029
:1033140000000000000000000024187E18240000B3
:1033240000000000000000000010107C10100000DD
:103334000000000000000000000000000000101069
:1033440020000000000000000000007E00000000DB
:103354000000000000000000000000000000101049
:103364000000000000000404080810102020404061
:103374000000000000003C4242464A526242423C85
:103384000000000000000818280808080808083E83
:103394000000000000003C42420204081020407E6D
:1033A4000000000000003C4242021C020242423C77
:1033B40000000000000002060A1222427E020202FD
:1033C4000000000000007E4040407C020202423CBB
:1033D4000000000000001C2040407C424242423C6D
:1033E4000000000000007E0202040408081010100F
:1033F4000000000000003C4242423C424242423C47
:103404000000000000003C424242423E02020438F6
:103414000000000000000000001010000000101068
:103424000000000000000000001010000000101058
:1034340020000000000000040810204020100804B0
:103444000000000000000000007E00007E0000007C
:103454000000000000000040201008040810204074
:103464000000000000003C42424204080800080832
:103474000000000000007C829EA2A2A2A69A807E88
:103484000000000000003C424242427E424242426E
:103494000000000000007C4242427C424242427CE6
:1034A4000000000000003C42424040404042423C98
:1034B4000000000000007844424242424242447804
:1034C4000000000000007E40404078404040407EC4
:1034D4000000000000007E404040784040404040F2
:1034E4000000000000003C424240404E4242423C48
:1034F400000000000000424242427E4242424242F8
:1035040000000000000038101010101010101038C7
:103514000000000000000E040404040404444438C1
:10352400000000000000424448506060504844429B
:103534000000000000004040404040404040407EC9
:1035440000000000000082C6AA92928282828282D7
:1035540000000000000042424262524A4642424297
:103564000000000000003C42424242424242423CCF
:103574000000000000007C424242427C4040404047
:103584000000000000003C424242424242424A3CA7
:103594000200000000007C424242427C5048444207
:1035A4000000000000003C4240403C020242423C19
:1035B400000000000000FE10101010101010101079
:1035C4000000000000004242424242424242423C69
:1035D4000000000000004242424242242424181801
:1035E40000000000000082828282829292AAC68237
:1035F40000000000000042422424181824244242FF
:1036040000000000000082824444281010101010B2
:103614000000000000007E02020408102040407EEA
:103624000000000000003820202020202020203826
:10363400000000000000404020201010080804048E
:1036440000000000000038080808080808080838C6
:1036540000000000001028440000000000000000EA
:103664000000000000000000000000000000000056
:10367400007E0000100800000000000000000000B0
:103684000000000000000000003C023E4242423EB6
:103694000000000000004040407C42424242427C24
:1036A4000000000000000000003C42404040423C5A
:1036B4000000000000000202023E42424242423E3A
:1036C4000000000000000000003C42427E40403CFC
:1036D4000000000000000E10107C101010101010DC
:1036E4000000000000000000003E42424242423E10
:1036F40002023C0000004040407C424242424242BE
:1037040000000000000010100030101010101038DD
:103714000000000000000404000C04040404040479
:103724004444380000004040404244487048444209
:10373400000000000000301010101010101010389D
:10374400000000000000000000FC9292929292920D
:103754000000000000000000007C4242424242425D
:103764000000000000000000003C42424242423C93
:103774000000000000000000007C42424242427C03
:103784004040400000000000003E42424242423EAF
:103794000202020000000000005E60404040404021
:1037A4000000000000000000003E40403C02027C9B
:1037B4000000000000001010107C10101010100EFB
:1037C4000000000000000000004242424242423E2B
:1037D40000000000000000000042424224241818A7
:1037E4000000000000000000008282929292927C0D
:1037F400000000000000000000424224182442425D
:103804000000000000000000004242424242423EEA
:1038140002023C0000000000007E04081020407EEC
:103824000000000000000C10101020101010100CEC
:1038340000000000000010101010101010101010E4
:1038440000000000000030080808040808080830D8
:10385400000000000062928C0000000000000000E4
:103864000000000000007E42424242424242427E48
:103874000000000000000000004242424242467A3A
:10388400404040000000000000001038100000001C
:1038940000000000000000000040407F40400000A5
:1038A4000000000000000000000000FF0000000015
:1038B4000000000000000000001018FC18100000B8
:1038C400000000000000000000484C7E4C4800004E
:1038D4000000000000000000030F3FFCFC3F0F034A
:1038E40000000000030F3FFCF0C000000000C0F027
:1038F400FC3F0F030000E04040444C5F4C44404018
:1039040040E0000000000702022232FA32220202E2
:1039140002070000000101010101017F7F01010193
:103924000101010000808080808080FEFE80808014
:10393400808080000000000000000080C0E0713B37
:103944001F0E040000000103070E1C3870E0C08045
:10395400000000000000001F1F1F1F1F1F1F1F1F4C
:103964001F000000000000F8F8F8F8F8F8F8F8F87C
:10397400F80000000000000000080CFEFE0C080027
:1039840000000000000000000010307F7F301000B5
:10399400000000000000E0404040405F40404040E4
:1039A40040E0000000000F080888C8E8C88808083C
:1039B4000878000000000000000C183060FFFF6071
:1039C40030180C00000000030303030303FFFF008F
:1039D400000000000000F010101113171311101054
:1039E400101E000000000702020202FA0202020294
:1039F400020700000101030307070E0E1C1C3838E0
:103A04007070E0E08080C0C0E0E0707038381C1C4A
:103A14000E0E0707C0F0FC3F0F0300000000030F69
:103A24003FFCF0C000000000C0F0FC3F3FFCF0C0D1
:103A3400000000000F3F7061C1C0C3C3C1C1C1C356
:103A440063703F0FF0FC0E8683038383838383C3F9
:103A5400C60EFCF0FEFEC0C0C0C0C0CFCFC0C0C008
:103A6400C0C0FEFE00000030180C06FFFF060C1854
:103A740030000000E0E0707038381C1C0E0E0707A0
:103A84000303010107070E0E1C1C38387070E0E0B8
:103A9400C0C08080000000030F0F1F1F1F1F0F0FE7
:103AA40003000000000000C0F0F0F8F8F8F8F0F0AF
:103AB400C00000000003070F1E3C78F1F1783C1EA3
:103AC4000F07030000068F1E3C78F0E0E0F0783C1E
:103AD4001E8F06000060F1783C1E0F07070F1E3C86
:103AE40078F1600000C0E0F0783C1E8F8F1E3C78B7
:103AF400F0E0C00000000000002060FEFE60200036
:103B040000000000000000000004067F7F0604009F
:103B14000000000000001F3F0000003078FC30303F
:103B24003F1F00000000F8FC0C0C3F1E0C000000BE
:103B3400FCF80000C0F0FCFFFFFFFFFFFFFFFFFFEA
:103B4400FFFCF0C000000000C0F0FCFFFFFCF0C070
:103B5400000000000000001010282844448282FE67
:103B64000000000078320108F0080000080000009E
:103B74001000000001000000F9020008C002191A38
:103B8400C1024500C20133C5020028B102A011B42C
:103B94000102B60300423BB70107E00F1F25220BC9
:103BA400060A4EC639000000000000E10F1F3F3F27
:103BB4000F1F0F4649310509031C1A00F10836048A
:103BC400003C0F0FA402F20918A312023212FF32B2
:103BD40000F4054000089104F80221043A0155005C
:103BE40000000000000000000000000000000000D1
:103BF40000181818181818180018180000000000E9
:103C0400666666000000000000000000000000007E
:103C1400006C6C6CFE6C6CFE6C6C6C000000000044
:103C240010107CD6D0D07C1616D67C101000000064
:103C34000066D66C0C181830366B66000000000065
:103C440000386C6C3876DCCCCCDC760000000000EC
:103C54001818180000000000000000000000000018
:103C6400000C18303030303030180C0000000000E8
:103C74000030180C0C0C0C0C0C1830000000000068
:103C8400000000006C38FE386C00000000000000EA
:103C94000000000018187E18180000000000000042
:103CA40000000000000000000018183000000000B0
:103CB400000000000000FE00000000000000000002
:103CC40000000000000000000018180000000000C0
:103CD4000006060C0C18183030606000000000006C
:103CE400007CC6C6CEDEF6E6C6C67C000000000038
:103CF400001838781818181818187E0000000000EA
:103D0400007CC6C6060C183060C0FE00000000002F
:103D1400007CC6C6063C0606C6C67C000000000041
:103D240000060E1E3666C6FE0606060000000000EB
:103D340000FEC0C0C0FC060606C67C0000000000F1
:103D4400003C60C0C0FCC6C6C6C67C0000000000C3
:103D540000FE06060C0C181830303000000000007D
:103D6400007CC6C6C67CC6C6C6C67C000000000071
:103D7400007CC6C6C6C67E06060C7800000000009D
:103D840000000000181800000018180000000000CF
:103D9400000000001818000000181830000000008F
:103DA4000000060C18306030180C060000000000FB
:103DB40000000000FE0000FE000000000000000003
:103DC40000006030180C060C183060000000000081
:103DD400007CC6C6C60C18180018180000000000A5
:103DE400007CC6CED6D6D6D6CEC07E00000000005B
:103DF400007CC6C6C6C6FEC6C6C6C6000000000015
:103E040000FCC6C6C6FCC6C6C6C6FC000000000050
:103E1400007CC6C6C0C0C0C0C6C67C00000000008E
:103E240000F8CCC6C6C6C6C6C6CCF8000000000062
:103E340000FEC0C0C0F8C0C0C0C0FE00000000004A
:103E440000FEC0C0C0F8C0C0C0C0C0000000000078
:103E5400007CC6C6C0C0DEC6C6C67C00000000002A
:103E640000C6C6C6C6FEC6C6C6C6C600000000005A
:103E7400003C18181818181818183C000000000006
:103E8400001E0C0C0C0C0C0CCCCC780000000000B8
:103E940000C6C6CCD8F0F0D8CCC6C60000000000DE
:103EA40000C0C0C0C0C0C0C0C0C0FE000000000050
:103EB4000082C6EEFED6C6C6C6C6C6000000000016
:103EC40000C6C6C6E6F6DECEC6C6C60000000000C2
:103ED400007CC6C6C6C6C6C6C6C67C0000000000B6
:103EE40000FCC6C6C6C6FCC0C0C0C00000000000BE
:103EF400007CC6C6C6C6C6C6C6DE7C060000000078
:103F040000FCC6C6C6C6FCF0D8CCC6000000000043
:103F1400007CC6C0C07C0606C6C67C00000000004B
:103F240000FF1818181818181818180000000000B6
:103F340000C6C6C6C6C6C6C6C6C67C00000000000B
:103F440000C6C6C6C6C66C6C6C38380000000000DB
:103F540000C6C6C6C6C6D6FEEEC682000000000075
:103F640000C6C66C6C38386C6CC6C6000000000015
:103F740000C3C366663C1818181818000000000037
:103F840000FE06060C183060C0C0FE0000000000F1
:103F9400003C30303030303030303C000000000025
:103FA400006060303018180C0C0606000000000099
:103FB400003C0C0C0C0C0C0C0C0C3C000000000025
:103FC400183C660000000000000000000000000033
:103FD400000000000000000000000000FE000030AF
:103FE40018000000000000000000000000000000B5
:103FF400000000007C067EC6C6C67E0000000000ED
:1040040000C0C0C0FCC6C6C6C6C6FC000000000096
:10401400000000007CC6C0C0C0C67C0000000000D8
:10402400000606067EC6C6C6C6C67E0000000000A0
:10403400000000007CC6C6FEC0C07C00000000007A
:10404400001E3030FC3030303030300000000000D2
:10405400000000007EC6C6C6C6C67E06067C0000FA
:1040640000C0C0C0FCC6C6C6C6C6C600000000006C
:10407400001818003818181818183C000000000020
:10408400000606000E06060606060666663C0000E6
:1040940000C0C0C0C6CCD8F0D8CCC6000000000018
:1040A400003818181818181818183C0000000000D8
:1040B40000000000FCD6D6D6D6D6D60000000000FC
:1040C40000000000FCC6C6C6C6C6C600000000004C
:1040D400000000007CC6C6C6C6C67C000000000006
:1040E40000000000FCC6C6C6C6C6FCC0C0C00000B6
:1040F400000000007EC6C6C6C6C67E0606060000D0
:1041040000000000DEF0E0C0C0C0C00000000000FD
:10411400000000007EC0C07C0606FC000000000019
:1041240000303030FC30303030301E0000000000F1
:1041340000000000C6C6C6C6C6C67E000000000059
:1041440000000000C6C6C66C6C38380000000000D1
:1041540000000000C6C6D6D6D6D67C0000000000FB
:1041640000000000C6C66C386CC6C6000000000023
:1041740000000000C6C6C6C6C6C67E06067C000091
:1041840000000000FE0C183060C0FE0000000000BB
:10419400001C30303060303030301C000000000033
:1041A400001818181818181818181800000000001B
:1041B40000701818180C1818181870000000000067
:1041C40073DBCE00000000000000000000000000CF
:1041D40000FEC6C6C6C6C6C6C6C6FE0000000000AF
:1041E400E33B010800060000080000001000000086
:1041F4000100000080250000004B00000096000034
:1042040000E1000000C201002C010000580200007F
:10421400B00400000807000060090000C01200009C
:104224004D49534F2050696E0102080900000B0CE0
:1042340001000000000000000607080904050B0F38
:10424400000000000000000A000308090D0E0F0A18
:1042540042617564726174654D4F53492050696EB3
:1042640010000000000000000102000000000B0A22
:1042740030313233343536377442010801000000DE
:1042840075420108010000007642010801000000A7
:104294007742010801000000784201080100000093
:1042A40079420108010000007A420108010000007F
:1042B4007B420108010000007C4201080800000064
:1042C4000100000052582050696E0000BC420108F1
:1042D400C8420108060000000000000054582050A5
:1042E400696E0000BC420108E042010806000000BB
:1042F4000100000031393230303338343030353752
:1043040036303031313532303033303036303000C1
:104314002C32010804000000F842010805000000E6
:10432400FD420108050000000243010805000000E9
:1043340007430108060000000D43010803000000C4
:104344001043010803000000383201080400000093
:104354002832010804000000203201080400000093
:104364001432010804000000144301080B0000008B
:10437400010000006C4301085442010808000000D9
:1043840000000000383900008843010801000000E3
:10439400894301080100000079420108010000007E
:1043A4007A420108010000007B420108010000007C
:1043B4008C430108050000000100000044617461A1
:1043C4002042697473000000B4430108C04301082B
:1043D40009000000000000004F646400303201084E
:1043E400040000003C32010804000000DC43010822
:1043F40003000000E0430108030000000000000087
:104404005061726974790000F8430108044401089A
:104414000600000000000000312E3500754201083E
:10442400010000001C44010803000000764201085A
:104434000100000020440108030000000100000006
:1044440053746F702042697473000000384401088B
:10445400444401080900000000000000D0420108A3
:10446400E842010878430108CC4301080C440108E0
:10447400504401080A41626F75744954532D426FC8
:10448400617264204C6F67696320416E616C797A54
:1044940065722056302E3143726561746564206202
:1044A40079204A6F656C204B79706B652C204861CC
:1044B400726F6E204E617A6172692C20416E746F46
:1044C4006E20546368656B6F7650726573732061F8
:1044D4006E79206B657920746F20636F6E74696EDA
:1044E4007565202E2E2E436F6E6669677572617432
:1044F400696F6E205361766564536176696E6720D7
:104504002E2E2E496E76616C696420496E70757426
:1045140055415254204465636F6465725350492079
:104524004465636F64657200BC4201085C42010823
:104534000800000000000000BC42010824420108F9
:10454400080000000100000053434B2050696E0036
:10455400BC4201084C4501080700000002000000AD
:1045640043532050696E0000BC42010864450108B1
:10457400060000000300000043504F4C3D302C4324
:104584005048413D3043504F4C3D302C43504841FE
:104594003D3143504F4C3D312C435048413D304315
:1045A400504F4C3D312C435048413D317C4501082E
:1045B4000D000000894501080D0000009645010822
:1045C4000D000000A34501080D000000B0450108DE
:1045D4000400000000000000D04501084432010836
:1045E40004000000000000004D534220466972732D
:1045F400744C53422046697273740000EC45010800
:1046040009000000F5450108090000000046010802
:104614000200000000000000426974204F726465CB
:1046240072000000104601081C4601080900000041
:10463400000000002C4501083C45010854450108D0
:104644006C450108DC45010828460108493243202D
:104654004465636F6465725344412050696E000081
:10466400BC4201085B46010807000000000000008E
:1046740053434C2050696E00BC4201087446010843
:104684000700000001000000644601087C460108A0
:104694004F6E6557697265204465636F6465724F38
:1046A4006E65576972652050696E0000BC4201084E
:1046B400A34601080B00000000000000B0460108FA
:1046C40005000000000000000200000000000000DF
:1046D4000100000000000000F401000001000000DF
:1046E400C800000001000000640000000100000098
:1046F400320000000100000014000000010000006E
:104704000A00000001000000050000000100000094
:104714000200000001000000010000000100000090
:10472400F401000002000000C800000002000000C4
:1047340064000000020000003200000002000000DB
:1047440014000000020000000A0000000200000043
:10475400050000000200000002000000020000004A
:104764000100000002000000200000000100000021
:10477400000000006C4701080100000073206D7305
:10478400C2B5730000000000100000000400000027
:104794003D550008855800089558000800000000A1
:1047A4001400000004000000A74F0008F1500008A6
:1047B400855100080000000008000000040000000B
:1047C400EB510008C3540008D35400080000000053
:1047D40004000000040000000B55000813550008F5
:1047E4001B550008000000000000005F00000007E7
:1047F400000700147F147F14242A7F2A122313082D
:10480400646236495522500000030000001C224116
:10481400000041221C0014083E081408083E080841
:1048240000503000000808080808006060000020FC
:10483400100804023E5149453E00427F4000625147
:1048440049494622414949361814127F10274545E3
:1048540045393C4A494930017109050336494949FA
:1048640036064949291E0036360000005636000037
:1048740008142241001414141414004122140802D0
:1048840001510906324979413E7C1211127C417F63
:104894004949363E41414122417F41413E7F494998
:1048A40049417F090909013E4141497A7F080808C5
:1048B4007F00417F41002040413F017F0814224195
:1048C4007F404040407F020C027F7F0408107F3EFF
:1048D4004141413E7F090909063E4151215E7F095C
:1048E400192946264949493201017F01013F4040C7
:1048F400403F1F2040201F3F4038403F63140814AE
:104904006307087008076151494543007F4141002E
:1049140002040810200041417F0004020102044007
:1049240040404040000102040020545454787F4821
:104934004444383844444420384444487F38545428
:104944005418087E090102085454543C7F08040496
:104954007800487D40002040443D007F10284400FA
:1049640000417F40007C047804787C080404783893
:10497400444444387C14141408081414187C7C0827
:104984000404084854545420043F4440203C40400C
:10499400207C1C2040201C3C4030403C44281028F3
:1049A400440C5050503C4464544C4400083641007C
:1049B40000007F0000004136080010080810087F3E
:1049C4004141417F7C2020103C000000E847010861
:1049D400E5010000050000000700000000000000E1
:1049E400AC0000008A0000009C0000004C6F676966
:1049F4006320416E616C797A657252554E4E494E10
:104A0400472C5350494932434F6E655769726500CC
:104A14003432010804000000064A010803000000C3
:104A2400094A0108030000000C4A010807000000BD
:104A3400303201080400000053656C656374205033
:104A4400726F746F636F6C204465636F6465725337
:104A5400434B435353434C5344414F57657870651C
:104A640063746564206576656E207061726974791B
:104A74002C2062757420776173206F64646578708C
:104A84006563746564206F6464207061726974790D
:104A94002C2062757420776173206576656E657865
:104AA400706563746564206869676820626974204E
:104AB40076616C75652C2062757420776173206C47
:104AC4006F7752585458736E73000000CA4A010835
:104AD4000100000082470108020000008447010829
:104AE40003000000CB4A0108020000000000FFFFA1
:104AF40000F81F00E0FFE0070000000000000000D5
:104B0400000000000000000000000000202400005D
:104B1400104B010802000000104B010802000000C5
:104B24006C470108010000006C4701080100000007
:104B340020416464723A2000344B010807000000ED
:104B440080470108824701088447010802000000E9
:104B54000200000003000000804A5D05905F010030
:104B64005A00000030783030303130323033303455
:104B74003035303630373038303931303131313208
:104B840031333134313531363137313831393230EE
:104B940032313232323332343235323632373238DD
:104BA40032393330333133323333333433353336CC
:104BB40033373338333934303431343234333434B2
:104BC4003435343634373438343935303531353298
:104BD400353335343535353635373538353936307E
:104BE400363136323633363436353636363736386D
:104BF400363937303731373237333734373537365C
:104C04003737373837393830383138323833383441
:104C14003835383638373838383939303931393227
:104C240039333934393539363937393839396661B0
:104C34006C7365010101010101010101010101011F
:104C44000101010101010101010101010101010150
:104C54000101010101010101010101010101010140
:104C64000101010101010101010101010101010130
:104C74000101010101010101010101010101010120
:104C84000101010101010101010101010101010110
:104C94000101010101010101010101010101010100
:104CA40001010101010101010101010101010101F0
:104CB40001010100000000000000000000000000ED
:104CC40000000000000000000000000000000000E0
:104CD40000000000000000000000000000000000D0
:104CE40000000000000000000000000000000000C0
:104CF400000000000002020202020202020202029A
:104D0400020202020202020202020202020202027F
:104D14000202020303030303030303030303030362
:104D24000303030404040404000000000000000062
:044D3400000000007B
:04000005080001AD41
:00000001FF
